id,product_id,quantity,origin,destination
1,1,20,Warehouse A,Store X
2,2,59,d5566b15-b071-4acf-8e8e-c98433083b2d,50d33715-4c77-4dd9-8b9d-ff1ca372a2a2
3,3,28,c42f0de8-b4f0-4167-abd1-ae79e5e18eea,172eb8f3-1033-4fb6-b66b-d0df09df3161
4,4,63,b145f396-de9b-42f1-9cc9-f5b52c3a941c,65e4544d-42ae-4751-9580-bdcb90e5fcda
5,5,47,f4372224-759f-43b3-bc83-ca6106bba1af,745bee4e-710c-4538-8df1-5c146e1092a6
6,6,73,49d0edae-9091-41bb-a08d-ab1c66bd08d5,425b7a1a-b744-4c6b-898e-d424dd8cf18e
7,7,35,b26d55e2-eb75-4bce-89cf-5cee095eaeea,0495233b-9470-4e1a-bb30-a1ee3150c092
8,8,5,6ae04f04-85df-4b89-b057-5cb0459baab7,b0fcee8c-9047-405c-8316-28a38292be9d
9,9,85,9a6ee454-f8ca-4a5a-b751-402ce8257b5b,5958bf67-e190-4171-91eb-298b69c89282
10,10,34,84003744-296e-4294-86a3-8a96439d4ee8,d15bcc56-8948-4c3d-98ae-925d64b3f539
11,11,88,b23deb12-0dc3-40c3-889c-8e8d3206dc4a,a22439e8-7918-4cae-806a-9f6ae0de6828
12,12,72,7cd8ea7c-cea3-46fa-a913-724d59233a43,5f3d5c26-5d8b-4e48-88b0-b89d6aa5848d
13,13,15,446119d3-b86d-4648-93e1-7c9104fe6462,7486257f-61aa-4829-bafa-3d46366ce403
14,9,68,c42e63e2-e613-45df-9321-09c58bcedcf4,a3421fb8-ec22-489a-b8b2-8760a0474175
15,14,58,742df199-0e51-44d2-93ba-a5e3885d79ed,2aba8b17-dd45-46e7-84df-701e2f319c1b
16,15,40,c32eed70-314d-4321-b3f3-ea6c673d1cd7,7563cab2-7380-4b36-a04a-624aa1cdb54c
17,11,71,2ba7bb1e-3a26-4638-850b-af1689dbf1f8,de08b73c-d432-4a4f-bb30-de1cecebb529
18,16,76,70aee49a-32ac-4b29-9f05-59de1c043a48,80aae915-f2ef-486d-b074-54106ac01532
19,17,82,fd861308-291c-435e-a11b-92cbba182fb4,c974d7dc-20af-4058-9383-01cdcd9494ad
20,18,58,6af1f98f-7555-430a-9d7f-d0f70f1b0a54,e7cb4714-32c9-476b-8af4-e994b391badc
21,19,83,73608d6a-cc61-4043-b95c-175ba478ba7c,0e00dc18-d5b9-4555-be83-cb7af77f2208
22,20,11,2316da83-4a83-497c-bdf4-55ca9e8cadb9,6d7f8b2b-42ae-4ff8-8183-26a3257a91a0
23,16,34,71a28ff5-ef5d-4279-b9b7-8afa7174f579,1e6c05e9-a48c-486c-8143-ed93c11c8b09
24,21,14,3f9c4c5a-b644-40ed-8c3e-4776bdcac303,ea316ba1-76cb-4139-b609-9c5a6d09563d
25,22,29,7103af48-0693-401e-a8a9-7063ff0d0722,7bd51828-f481-41de-97ac-8712792b2e57
26,23,31,fb374a17-e2b4-4274-b777-a09cccc8dc7b,f3a36c1d-ff0a-4ee8-b55b-7d43e8e7a73d
27,24,57,eea522eb-17c1-42e2-8e33-c33710b7d329,681aa23a-70ea-4b69-babb-3d14009779b3
28,25,38,23924ca0-acae-4a6a-aa64-8d47b169f078,69542d28-1cc7-439e-abfd-de0ea90636fb
29,16,48,6307c024-1705-4508-b05f-ac96dba72fca,73511170-19d5-4686-96d7-1dedcc3cb5cf
30,26,93,9b878a0f-d9e2-47be-bfd2-2fc381dba95a,aeda3a81-6cc3-4f26-8d5d-3abc117f4866
31,27,82,458efede-2515-46b3-87a4-9fd49e2d711b,b551ee49-8095-4c62-9876-409c029fd625
32,2,46,a8420740-3acf-4f09-8564-b2c1182b2299,dc95916d-7a45-4bb5-859c-3f2d5ad8ab14
33,5,8,42929165-b971-4546-b882-8f90e59c3e0f,53ff8d36-3cbd-47a4-9fd5-738e3b547fd7
34,19,77,53cfa054-aabc-41b6-a357-af13f2dc5770,75a59dfe-7946-4f3e-baaa-bcdf8e9a3026
35,28,70,7b346de1-fe35-4204-93d2-0cb2600b4213,0d9a9d9f-f2ea-43a0-8289-51baed42f345
36,18,71,eb1d7193-5c90-4fcf-b41b-a6a3d5f925df,3ff2bcdb-6959-44ca-b3f5-d386e1b2144b
37,24,52,f47e4ef6-e326-433f-884c-a3802095a502,a2079d4b-3e83-46b1-a176-ea43e2b931d7
38,15,52,a0d5e405-23fc-4c24-8c7f-bd0b40b3b724,a23f6c7b-888e-4fac-ae5a-1cb2a2ffcbc0
39,29,62,2ea0f049-e73e-4506-805c-4f12b4a7810b,ad4c02d5-62ae-4ddd-8df2-0a4566b4defe
40,19,23,6820af07-1d42-417d-97a3-176e30884c33,b5863d0e-93b8-41eb-b237-b92ae20513c2
41,3,75,48a1b6eb-bac0-4fe8-8dc0-dbf56a49a771,394d1002-25e7-48e0-9c3d-0f0b97eddbae
42,18,17,c7f14ee0-3187-4d74-8849-714c10e168ba,b7878195-8d8a-439e-a3b7-fc766ceb62ba
43,8,13,c3681bad-d1a9-4cc4-8d26-b00e51c0c7ee,a22b928a-a5d6-4fe8-9f7a-fab531f9543f
44,30,13,dc883f1f-7e8f-40bf-a4b0-b41328c675b6,889f6174-2256-4747-9156-8d3a3b0f5406
45,31,97,68dc7343-9c24-4c9b-bd29-acae05bf399c,dd83a1b4-c569-47a6-a705-8d424dc91fa2
46,32,31,b21bcc31-0451-4f80-963f-3087de248f8a,11d27aee-b7ce-43ba-8ddb-5a10ae151f8e
47,33,15,8dbbc936-6d70-46c8-8573-c0ca8825329f,f4cc408a-6f4f-4ebe-87f4-1f6b93ec0bee
48,27,89,1be3c9a2-37b8-4e24-a360-c4c7cc7ff713,1aa40626-9d29-4a29-a815-7788529a3a74
49,17,89,d808ffd0-d467-4bcc-8449-9e748b4a04ce,a1316db2-ab92-4569-9538-bf63f43e6a0b
50,3,52,7e79d23c-8877-4200-aeee-35a5934db1df,c9943890-9047-4346-87b2-77ddbb997350
51,15,9,4ece87fd-d687-4fa1-a217-7822923a1ade,f609d6d9-d7fa-4f5b-9dec-d4f016d1fa48
52,7,92,98811bfd-37d0-4895-bbeb-e8235602abbd,3c0effcc-e964-4631-975a-921cc9cda9d5
53,34,49,cebefc0d-2fb9-4e91-94fe-2fb720e8f058,25615e8c-ea06-491e-bcdf-9865bdd7e5ac
54,27,88,ff32be02-476b-4616-9dbd-78dd6f3d928b,0d770726-de32-4072-b9d1-87da26be6d42
55,17,71,b7ae2648-bc18-4b26-87cf-8f68b75a7888,f583d462-eb6a-416a-9c1a-98f496525d88
56,35,95,11382b86-0769-4f6e-afea-c921397a444a,71f7be6f-ae6a-4232-ad7a-78c3cb77c754
57,27,42,68da2756-09f4-49fa-b3d9-f6b8798da0ac,a8ffbfd5-dc8b-4ec3-b2bf-c99649303da2
58,19,49,6656251a-ca70-401b-9dc1-5b5d892ea630,d60fa858-eea6-4807-a25d-638bd793a0a1
59,36,67,5ebd7a1c-2d62-406e-b2b4-c250625e6287,8397177a-86f1-4da9-802c-e3866867ac94
60,37,80,8d73d024-6813-44e6-93f2-9ee8cb20718f,fbd86280-4d9c-4c94-a886-8c7046f715b7
61,21,86,0095d8da-3246-4f33-b76d-990b5ac46dc9,c4c7595f-4d8f-4aaf-b7eb-b1437008ff31
62,3,50,02e5081e-abf3-4e23-a9ef-47b0949f31b9,c84a77f1-94e7-45e4-b187-640aaa465ca0
63,38,46,44080c04-3ad0-43bb-a40d-d37e35e032f2,eed45163-9a39-4b1c-8b88-45ec4eb9b6ce
64,22,92,a6174fda-397f-4e9a-9fed-75166bca2c16,0d8f57e2-cd6a-4e9d-8f16-45723b54be73
65,39,78,52075ab4-f664-416f-b583-a366b168bc5e,0f4d47b0-f097-4966-9f29-78415e2e9e7c
66,40,60,43e66a58-b6ef-40da-ac74-6516dd0d6830,922e8e10-7ca8-4c94-b1e5-0249db05a8c1
67,13,99,e2055730-995c-4180-894f-116aec59bbab,4ab87e71-14af-4e71-9929-36a226282246
68,24,98,8826333b-cf1f-44ee-98db-cc159e5afa5f,d672e1cf-afe7-43ab-8c37-5494c5865529
69,41,93,80c0f4e4-3001-4983-91a9-44b1742e6f6b,ceb2015f-39cc-405b-b5d5-85689389a990
70,7,61,4684e7d3-c044-4a98-80e9-5f43e9ff23d3,9db9f884-b940-428b-b57d-f019859cfbce
71,23,21,dc85afa8-4888-4e1f-8cdd-470879901108,1ceb1c5d-ec87-43b9-9a8c-2731f3fbd1e2
72,11,9,d7739dfe-596f-4527-a0ae-83a5b2f32b0d,2d1ab995-977f-4f05-a5e0-80f9d2e8fff7
73,3,99,f933a1d6-0b38-427a-9fd0-297d8eb94918,6d5ea524-75df-4404-b07b-0df1a9cd0121
74,39,45,c2503d64-0050-4d35-822c-6a540272fe1a,0f8c5154-7f7b-46ab-ad4d-d5c993e2c84e
75,7,21,89a6aaff-4a87-400f-915f-9e6f2d263a32,9a614d0d-12bc-4de7-84da-5def82a15c74
76,35,41,5edca4f4-c65a-4936-8c63-0694ba8245cb,fedd55d5-e1cc-42d4-9a14-c36ba242f32d
77,31,38,125958b0-d8fd-4dcb-826b-a5f8f39a9956,dd93f3be-7e31-4600-bfab-eab48fac2e30
78,7,88,2581514a-9e27-4d03-9943-478f2e059151,0c64ec45-1b2c-46a6-a3b8-8b1f9987b8c1
79,17,88,22b17302-3ea2-4bf4-b5a9-50b4efd0bbc7,990c258c-276b-4e97-8ea8-a6eeb127377b
80,27,41,c47b1521-0d18-410e-908b-780e91a78118,cf4386a1-9272-4141-884a-089164d72923
81,17,17,f473d983-eb17-4b62-85fd-76b31540e41d,8ee29392-1b02-4940-801e-3d27c5c0e885
82,6,21,af1a5839-9736-4c7d-b48c-8c3c560bbf02,cdcac61f-a48e-4de5-bdd6-f6e733716395
83,42,75,39053f90-0c8f-4e5e-b8b2-4b51c82d7014,5ee93361-df63-45cf-84ea-8102ce020bd5
84,40,8,d45c1fc9-2b06-4a2b-9625-7a8bda5b2be7,f9bc33c3-399c-497c-9587-59194f9c2bcf
85,37,42,b7392abc-151f-43fe-97d8-aee98f46f246,cf05fc39-3809-47b1-bf2b-3fb743493575
86,28,90,ff60676a-e25d-4628-84e9-203c98225944,1a8d7f91-898e-4c9b-9ea3-96b57d6c1c3c
87,42,80,bad8935d-55aa-49aa-81d9-d42c3410b108,1b9491ef-60f8-480e-b063-060029f6532c
88,41,61,0338aff7-ed92-4128-9957-24e109b1aa5b,bc0dc730-aab8-4fb1-94ef-24350c6cd850
89,39,87,7d12aa83-b1c4-4c6c-a3e6-b7cd6f26498c,3ebbac00-534f-4c13-bef0-4b495a264851
90,21,87,72ea2fbd-b7e1-4c61-8292-a8924d6ee8f0,f87b387f-3709-4406-9839-5045631bd4e4
91,9,14,a3e21e04-b65b-47da-845a-4cdaf559f5f2,4c4721d5-eabb-44c6-83a2-5b8ea7039e69
92,17,55,e2ee7c06-c34e-42e7-8e35-055953addca3,9f129880-ede4-4c4d-adbe-c0d04e75cf1c
93,7,41,aa0823cf-e8a7-4500-934a-b18b42036d2e,b971a15c-87ef-4e79-814d-228534ad2c1a
94,13,44,a7523398-8ffe-49bb-bec2-ba85709bd3d9,97fab43b-c89a-459c-a700-e5bb645fb557
95,3,70,e9bee4c1-c56a-4e8e-8e91-79d8f6a98b5b,82982f6a-bf45-443f-84f2-47f9f78fdce9
96,17,43,d7d52dc6-d13e-4a07-aa6a-934642b20473,b4c2d12a-b9fa-4143-b411-69032cdd5927
97,9,16,d247fff7-d785-4593-aad9-ddb3f6d0a809,640beb45-2e69-4ff4-b01c-37cd9c0c2427
98,43,25,e92bc306-314e-4853-8728-0107aa27b936,f94fbe6a-3f7a-4141-8405-9748f55ac880
99,14,26,333bc679-0295-49cd-ad2e-cbb89a65bd99,b6acb8d3-1efd-4496-b0e7-5f2d4be9ff45
100,25,40,b7f83fe7-6ae2-4e75-81e1-8440d26778c2,d72c004c-6999-4ffb-b291-1bd581c65d95
101,9,42,d26316d2-19e2-45c0-9ada-b92ba56a4da2,3343a3b9-be11-4276-bca9-d7f4dd0b40aa
102,6,84,b65da068-cfdf-4247-84db-91232e610217,d74dc441-1948-4ba8-aeef-843bd074e246
103,35,14,fc629195-daf2-465a-91bd-330719735bb1,60df7002-bc50-4357-8014-02e42f5a5ab6
104,36,25,ee0f4141-13ad-4289-a414-f1756a5748ef,3264f6eb-ce55-44da-845b-32cbf99da950
105,44,39,c6d4e9d1-45a7-4948-9ec6-be687c4b8bba,fdc68f90-b2e4-483b-985d-b237467e8d9a
106,7,16,bad3d1a2-b14d-4efa-8f81-5270ee921ae6,d7a8eb36-e00d-484f-b21e-a2ab742f8a2a
107,14,95,d2ee1b75-2218-4753-9487-dcca23d667c6,0a994581-341f-43bf-979d-ece1e58de7ec
108,10,54,6a6d3fce-c5aa-4154-a6a3-b56cb41f709f,403bf915-a897-4918-933b-3996e144e960
109,11,20,b19cec0d-357e-4c6b-9257-8be52b1c71b5,d3b17672-60fb-443f-a047-2c379132dcb1
110,22,7,d2a2460e-00d1-41f2-84cc-eba01eb88d75,b9f78d5b-79ae-441e-9dbf-592767af34a5
111,20,35,75891066-59b4-437b-951f-ec553fb26b94,28fff0d2-38ea-40a7-b2ef-c2a2f7e69370
112,2,59,d5566b15-b071-4acf-8e8e-c98433083b2d,50d33715-4c77-4dd9-8b9d-ff1ca372a2a2
113,3,28,c42f0de8-b4f0-4167-abd1-ae79e5e18eea,172eb8f3-1033-4fb6-b66b-d0df09df3161
114,4,63,b145f396-de9b-42f1-9cc9-f5b52c3a941c,65e4544d-42ae-4751-9580-bdcb90e5fcda
115,5,47,f4372224-759f-43b3-bc83-ca6106bba1af,745bee4e-710c-4538-8df1-5c146e1092a6
116,6,73,49d0edae-9091-41bb-a08d-ab1c66bd08d5,425b7a1a-b744-4c6b-898e-d424dd8cf18e
117,7,35,b26d55e2-eb75-4bce-89cf-5cee095eaeea,0495233b-9470-4e1a-bb30-a1ee3150c092
118,8,5,6ae04f04-85df-4b89-b057-5cb0459baab7,b0fcee8c-9047-405c-8316-28a38292be9d
119,9,85,9a6ee454-f8ca-4a5a-b751-402ce8257b5b,5958bf67-e190-4171-91eb-298b69c89282
120,10,34,84003744-296e-4294-86a3-8a96439d4ee8,d15bcc56-8948-4c3d-98ae-925d64b3f539
121,11,88,b23deb12-0dc3-40c3-889c-8e8d3206dc4a,a22439e8-7918-4cae-806a-9f6ae0de6828
122,12,72,7cd8ea7c-cea3-46fa-a913-724d59233a43,5f3d5c26-5d8b-4e48-88b0-b89d6aa5848d
123,13,15,446119d3-b86d-4648-93e1-7c9104fe6462,7486257f-61aa-4829-bafa-3d46366ce403
124,9,68,c42e63e2-e613-45df-9321-09c58bcedcf4,a3421fb8-ec22-489a-b8b2-8760a0474175
125,14,58,742df199-0e51-44d2-93ba-a5e3885d79ed,2aba8b17-dd45-46e7-84df-701e2f319c1b
126,15,40,c32eed70-314d-4321-b3f3-ea6c673d1cd7,7563cab2-7380-4b36-a04a-624aa1cdb54c
127,11,71,2ba7bb1e-3a26-4638-850b-af1689dbf1f8,de08b73c-d432-4a4f-bb30-de1cecebb529
128,16,76,70aee49a-32ac-4b29-9f05-59de1c043a48,80aae915-f2ef-486d-b074-54106ac01532
129,17,82,fd861308-291c-435e-a11b-92cbba182fb4,c974d7dc-20af-4058-9383-01cdcd9494ad
130,18,58,6af1f98f-7555-430a-9d7f-d0f70f1b0a54,e7cb4714-32c9-476b-8af4-e994b391badc
131,19,83,73608d6a-cc61-4043-b95c-175ba478ba7c,0e00dc18-d5b9-4555-be83-cb7af77f2208
132,20,11,2316da83-4a83-497c-bdf4-55ca9e8cadb9,6d7f8b2b-42ae-4ff8-8183-26a3257a91a0
133,16,34,71a28ff5-ef5d-4279-b9b7-8afa7174f579,1e6c05e9-a48c-486c-8143-ed93c11c8b09
134,21,14,3f9c4c5a-b644-40ed-8c3e-4776bdcac303,ea316ba1-76cb-4139-b609-9c5a6d09563d
135,22,29,7103af48-0693-401e-a8a9-7063ff0d0722,7bd51828-f481-41de-97ac-8712792b2e57
136,23,31,fb374a17-e2b4-4274-b777-a09cccc8dc7b,f3a36c1d-ff0a-4ee8-b55b-7d43e8e7a73d
137,24,57,eea522eb-17c1-42e2-8e33-c33710b7d329,681aa23a-70ea-4b69-babb-3d14009779b3
138,25,38,23924ca0-acae-4a6a-aa64-8d47b169f078,69542d28-1cc7-439e-abfd-de0ea90636fb
139,16,48,6307c024-1705-4508-b05f-ac96dba72fca,73511170-19d5-4686-96d7-1dedcc3cb5cf
140,26,93,9b878a0f-d9e2-47be-bfd2-2fc381dba95a,aeda3a81-6cc3-4f26-8d5d-3abc117f4866
141,27,82,458efede-2515-46b3-87a4-9fd49e2d711b,b551ee49-8095-4c62-9876-409c029fd625
142,2,46,a8420740-3acf-4f09-8564-b2c1182b2299,dc95916d-7a45-4bb5-859c-3f2d5ad8ab14
143,5,8,42929165-b971-4546-b882-8f90e59c3e0f,53ff8d36-3cbd-47a4-9fd5-738e3b547fd7
144,19,77,53cfa054-aabc-41b6-a357-af13f2dc5770,75a59dfe-7946-4f3e-baaa-bcdf8e9a3026
145,28,70,7b346de1-fe35-4204-93d2-0cb2600b4213,0d9a9d9f-f2ea-43a0-8289-51baed42f345
146,18,71,eb1d7193-5c90-4fcf-b41b-a6a3d5f925df,3ff2bcdb-6959-44ca-b3f5-d386e1b2144b
147,24,52,f47e4ef6-e326-433f-884c-a3802095a502,a2079d4b-3e83-46b1-a176-ea43e2b931d7
148,15,52,a0d5e405-23fc-4c24-8c7f-bd0b40b3b724,a23f6c7b-888e-4fac-ae5a-1cb2a2ffcbc0
149,29,62,2ea0f049-e73e-4506-805c-4f12b4a7810b,ad4c02d5-62ae-4ddd-8df2-0a4566b4defe
150,19,23,6820af07-1d42-417d-97a3-176e30884c33,b5863d0e-93b8-41eb-b237-b92ae20513c2
151,3,75,48a1b6eb-bac0-4fe8-8dc0-dbf56a49a771,394d1002-25e7-48e0-9c3d-0f0b97eddbae
152,18,17,c7f14ee0-3187-4d74-8849-714c10e168ba,b7878195-8d8a-439e-a3b7-fc766ceb62ba
153,8,13,c3681bad-d1a9-4cc4-8d26-b00e51c0c7ee,a22b928a-a5d6-4fe8-9f7a-fab531f9543f
154,30,13,dc883f1f-7e8f-40bf-a4b0-b41328c675b6,889f6174-2256-4747-9156-8d3a3b0f5406
155,31,97,68dc7343-9c24-4c9b-bd29-acae05bf399c,dd83a1b4-c569-47a6-a705-8d424dc91fa2
156,32,31,b21bcc31-0451-4f80-963f-3087de248f8a,11d27aee-b7ce-43ba-8ddb-5a10ae151f8e
157,33,15,8dbbc936-6d70-46c8-8573-c0ca8825329f,f4cc408a-6f4f-4ebe-87f4-1f6b93ec0bee
158,27,89,1be3c9a2-37b8-4e24-a360-c4c7cc7ff713,1aa40626-9d29-4a29-a815-7788529a3a74
159,17,89,d808ffd0-d467-4bcc-8449-9e748b4a04ce,a1316db2-ab92-4569-9538-bf63f43e6a0b
160,3,52,7e79d23c-8877-4200-aeee-35a5934db1df,c9943890-9047-4346-87b2-77ddbb997350
161,15,9,4ece87fd-d687-4fa1-a217-7822923a1ade,f609d6d9-d7fa-4f5b-9dec-d4f016d1fa48
162,7,92,98811bfd-37d0-4895-bbeb-e8235602abbd,3c0effcc-e964-4631-975a-921cc9cda9d5
163,34,49,cebefc0d-2fb9-4e91-94fe-2fb720e8f058,25615e8c-ea06-491e-bcdf-9865bdd7e5ac
164,27,88,ff32be02-476b-4616-9dbd-78dd6f3d928b,0d770726-de32-4072-b9d1-87da26be6d42
165,17,71,b7ae2648-bc18-4b26-87cf-8f68b75a7888,f583d462-eb6a-416a-9c1a-98f496525d88
166,35,95,11382b86-0769-4f6e-afea-c921397a444a,71f7be6f-ae6a-4232-ad7a-78c3cb77c754
167,27,42,68da2756-09f4-49fa-b3d9-f6b8798da0ac,a8ffbfd5-dc8b-4ec3-b2bf-c99649303da2
168,19,49,6656251a-ca70-401b-9dc1-5b5d892ea630,d60fa858-eea6-4807-a25d-638bd793a0a1
169,36,67,5ebd7a1c-2d62-406e-b2b4-c250625e6287,8397177a-86f1-4da9-802c-e3866867ac94
170,37,80,8d73d024-6813-44e6-93f2-9ee8cb20718f,fbd86280-4d9c-4c94-a886-8c7046f715b7
171,21,86,0095d8da-3246-4f33-b76d-990b5ac46dc9,c4c7595f-4d8f-4aaf-b7eb-b1437008ff31
172,3,50,02e5081e-abf3-4e23-a9ef-47b0949f31b9,c84a77f1-94e7-45e4-b187-640aaa465ca0
173,38,46,44080c04-3ad0-43bb-a40d-d37e35e032f2,eed45163-9a39-4b1c-8b88-45ec4eb9b6ce
174,22,92,a6174fda-397f-4e9a-9fed-75166bca2c16,0d8f57e2-cd6a-4e9d-8f16-45723b54be73
175,39,78,52075ab4-f664-416f-b583-a366b168bc5e,0f4d47b0-f097-4966-9f29-78415e2e9e7c
176,40,60,43e66a58-b6ef-40da-ac74-6516dd0d6830,922e8e10-7ca8-4c94-b1e5-0249db05a8c1
177,13,99,e2055730-995c-4180-894f-116aec59bbab,4ab87e71-14af-4e71-9929-36a226282246
178,24,98,8826333b-cf1f-44ee-98db-cc159e5afa5f,d672e1cf-afe7-43ab-8c37-5494c5865529
179,41,93,80c0f4e4-3001-4983-91a9-44b1742e6f6b,ceb2015f-39cc-405b-b5d5-85689389a990
180,7,61,4684e7d3-c044-4a98-80e9-5f43e9ff23d3,9db9f884-b940-428b-b57d-f019859cfbce
181,23,21,dc85afa8-4888-4e1f-8cdd-470879901108,1ceb1c5d-ec87-43b9-9a8c-2731f3fbd1e2
182,11,9,d7739dfe-596f-4527-a0ae-83a5b2f32b0d,2d1ab995-977f-4f05-a5e0-80f9d2e8fff7
183,3,99,f933a1d6-0b38-427a-9fd0-297d8eb94918,6d5ea524-75df-4404-b07b-0df1a9cd0121
184,39,45,c2503d64-0050-4d35-822c-6a540272fe1a,0f8c5154-7f7b-46ab-ad4d-d5c993e2c84e
185,7,21,89a6aaff-4a87-400f-915f-9e6f2d263a32,9a614d0d-12bc-4de7-84da-5def82a15c74
186,35,41,5edca4f4-c65a-4936-8c63-0694ba8245cb,fedd55d5-e1cc-42d4-9a14-c36ba242f32d
187,31,38,125958b0-d8fd-4dcb-826b-a5f8f39a9956,dd93f3be-7e31-4600-bfab-eab48fac2e30
188,7,88,2581514a-9e27-4d03-9943-478f2e059151,0c64ec45-1b2c-46a6-a3b8-8b1f9987b8c1
189,17,88,22b17302-3ea2-4bf4-b5a9-50b4efd0bbc7,990c258c-276b-4e97-8ea8-a6eeb127377b
190,27,41,c47b1521-0d18-410e-908b-780e91a78118,cf4386a1-9272-4141-884a-089164d72923
191,17,17,f473d983-eb17-4b62-85fd-76b31540e41d,8ee29392-1b02-4940-801e-3d27c5c0e885
192,6,21,af1a5839-9736-4c7d-b48c-8c3c560bbf02,cdcac61f-a48e-4de5-bdd6-f6e733716395
193,42,75,39053f90-0c8f-4e5e-b8b2-4b51c82d7014,5ee93361-df63-45cf-84ea-8102ce020bd5
194,40,8,d45c1fc9-2b06-4a2b-9625-7a8bda5b2be7,f9bc33c3-399c-497c-9587-59194f9c2bcf
195,37,42,b7392abc-151f-43fe-97d8-aee98f46f246,cf05fc39-3809-47b1-bf2b-3fb743493575
196,28,90,ff60676a-e25d-4628-84e9-203c98225944,1a8d7f91-898e-4c9b-9ea3-96b57d6c1c3c
197,42,80,bad8935d-55aa-49aa-81d9-d42c3410b108,1b9491ef-60f8-480e-b063-060029f6532c
198,41,61,0338aff7-ed92-4128-9957-24e109b1aa5b,bc0dc730-aab8-4fb1-94ef-24350c6cd850
199,39,87,7d12aa83-b1c4-4c6c-a3e6-b7cd6f26498c,3ebbac00-534f-4c13-bef0-4b495a264851
200,21,87,72ea2fbd-b7e1-4c61-8292-a8924d6ee8f0,f87b387f-3709-4406-9839-5045631bd4e4
201,9,14,a3e21e04-b65b-47da-845a-4cdaf559f5f2,4c4721d5-eabb-44c6-83a2-5b8ea7039e69
202,17,55,e2ee7c06-c34e-42e7-8e35-055953addca3,9f129880-ede4-4c4d-adbe-c0d04e75cf1c
203,7,41,aa0823cf-e8a7-4500-934a-b18b42036d2e,b971a15c-87ef-4e79-814d-228534ad2c1a
204,13,44,a7523398-8ffe-49bb-bec2-ba85709bd3d9,97fab43b-c89a-459c-a700-e5bb645fb557
205,3,70,e9bee4c1-c56a-4e8e-8e91-79d8f6a98b5b,82982f6a-bf45-443f-84f2-47f9f78fdce9
206,17,43,d7d52dc6-d13e-4a07-aa6a-934642b20473,b4c2d12a-b9fa-4143-b411-69032cdd5927
207,9,16,d247fff7-d785-4593-aad9-ddb3f6d0a809,640beb45-2e69-4ff4-b01c-37cd9c0c2427
208,43,25,e92bc306-314e-4853-8728-0107aa27b936,f94fbe6a-3f7a-4141-8405-9748f55ac880
209,14,26,333bc679-0295-49cd-ad2e-cbb89a65bd99,b6acb8d3-1efd-4496-b0e7-5f2d4be9ff45
210,25,40,b7f83fe7-6ae2-4e75-81e1-8440d26778c2,d72c004c-6999-4ffb-b291-1bd581c65d95
211,9,42,d26316d2-19e2-45c0-9ada-b92ba56a4da2,3343a3b9-be11-4276-bca9-d7f4dd0b40aa
212,6,84,b65da068-cfdf-4247-84db-91232e610217,d74dc441-1948-4ba8-aeef-843bd074e246
213,35,14,fc629195-daf2-465a-91bd-330719735bb1,60df7002-bc50-4357-8014-02e42f5a5ab6
214,36,25,ee0f4141-13ad-4289-a414-f1756a5748ef,3264f6eb-ce55-44da-845b-32cbf99da950
215,44,39,c6d4e9d1-45a7-4948-9ec6-be687c4b8bba,fdc68f90-b2e4-483b-985d-b237467e8d9a
216,7,16,bad3d1a2-b14d-4efa-8f81-5270ee921ae6,d7a8eb36-e00d-484f-b21e-a2ab742f8a2a
217,14,95,d2ee1b75-2218-4753-9487-dcca23d667c6,0a994581-341f-43bf-979d-ece1e58de7ec
218,10,54,6a6d3fce-c5aa-4154-a6a3-b56cb41f709f,403bf915-a897-4918-933b-3996e144e960
219,11,20,b19cec0d-357e-4c6b-9257-8be52b1c71b5,d3b17672-60fb-443f-a047-2c379132dcb1
220,22,7,d2a2460e-00d1-41f2-84cc-eba01eb88d75,b9f78d5b-79ae-441e-9dbf-592767af34a5
221,20,35,75891066-59b4-437b-951f-ec553fb26b94,28fff0d2-38ea-40a7-b2ef-c2a2f7e69370
222,29,2,bb53f18b-e3c5-48c1-900e-e8ed623ca467,1add84b7-14f5-4857-903b-578408246946
223,44,4,bb53f18b-e3c5-48c1-900e-e8ed623ca467,1add84b7-14f5-4857-903b-578408246946
224,13,2,bb53f18b-e3c5-48c1-900e-e8ed623ca467,1add84b7-14f5-4857-903b-578408246946
225,18,2,5d64f731-cb01-4992-a27c-a6e1342f4913,d57d76d8-7dca-4ee4-84c0-1745fb4c8779
226,15,1,5d64f731-cb01-4992-a27c-a6e1342f4913,d57d76d8-7dca-4ee4-84c0-1745fb4c8779
227,16,3,5d64f731-cb01-4992-a27c-a6e1342f4913,d57d76d8-7dca-4ee4-84c0-1745fb4c8779
228,19,1,026ffd7c-cff2-4daa-ae76-6768d3283861,d33a7b5d-15e5-4ba6-93ef-136bbcbf4946
229,34,4,026ffd7c-cff2-4daa-ae76-6768d3283861,d33a7b5d-15e5-4ba6-93ef-136bbcbf4946
230,8,1,c42221be-4851-42df-9184-1b4f96962bb7,134fb73e-fc99-41e4-92c4-6ecbada5574f
231,44,4,c42221be-4851-42df-9184-1b4f96962bb7,134fb73e-fc99-41e4-92c4-6ecbada5574f
232,23,3,c42221be-4851-42df-9184-1b4f96962bb7,134fb73e-fc99-41e4-92c4-6ecbada5574f
233,8,1,57001f3e-d6be-4031-9295-a6b208c0ad46,49714439-c858-4e61-b7c6-f4d4c848c46b
234,42,3,950db98c-fb0f-4b78-bbee-bf9ae97faeca,5b9e2a68-7967-46e0-8e35-bc993a1f07e6
235,19,5,950db98c-fb0f-4b78-bbee-bf9ae97faeca,5b9e2a68-7967-46e0-8e35-bc993a1f07e6
236,24,1,cd140190-a53b-4660-a5b4-cc844a6506f0,89ba200c-ca90-443a-b64f-397bce091eae
237,35,4,cd140190-a53b-4660-a5b4-cc844a6506f0,89ba200c-ca90-443a-b64f-397bce091eae
238,2,4,cd140190-a53b-4660-a5b4-cc844a6506f0,89ba200c-ca90-443a-b64f-397bce091eae
239,35,2,bb75bf7d-c008-4267-bf92-6089cff5fe56,5e9405de-a078-4b00-99c6-96564568b63c
240,19,3,bb75bf7d-c008-4267-bf92-6089cff5fe56,5e9405de-a078-4b00-99c6-96564568b63c
241,45,3,c6addf8b-eea6-43b8-9040-b5620b1a0d99,7aebe820-8478-4a29-a606-7c59af677e24
242,2,3,c6addf8b-eea6-43b8-9040-b5620b1a0d99,7aebe820-8478-4a29-a606-7c59af677e24
243,20,3,f156fb67-e7e7-448c-b9c3-0b5f0425d134,2ba952cd-d5bf-4bb4-96fe-02fd4e166d12
244,10,2,f156fb67-e7e7-448c-b9c3-0b5f0425d134,2ba952cd-d5bf-4bb4-96fe-02fd4e166d12
245,36,2,f04f3daf-8ede-4787-a3ad-6ff06274229d,130208de-fef4-46cd-8b9b-1ea5b939895b
246,42,1,372fd2b1-b2a7-4553-b6d7-426a1bc88e56,e34973c8-9ca9-4a06-b497-7a8b49625fc2
247,29,3,20efa3c2-c498-4908-8af4-f81c76781912,0167b0c3-60fd-4fbd-b378-fba0ceac39ff
248,26,3,20efa3c2-c498-4908-8af4-f81c76781912,0167b0c3-60fd-4fbd-b378-fba0ceac39ff
249,14,3,469d957f-28ef-4eac-956a-d2a42b06d3ab,fcadc756-61e9-41bb-871b-d3546c5aa981
250,21,2,469d957f-28ef-4eac-956a-d2a42b06d3ab,fcadc756-61e9-41bb-871b-d3546c5aa981
251,11,1,b377e5d5-563f-475d-8c6d-b9f85ad861fd,fa60bc82-665e-4fe0-8f1f-b8a7675c2e2a
252,35,4,b377e5d5-563f-475d-8c6d-b9f85ad861fd,fa60bc82-665e-4fe0-8f1f-b8a7675c2e2a
253,25,4,b377e5d5-563f-475d-8c6d-b9f85ad861fd,fa60bc82-665e-4fe0-8f1f-b8a7675c2e2a
254,23,2,c44107fb-70a4-4ff2-bedb-48b9ecfd3d6d,479bfe4c-7137-44dd-bb42-a4ab7900aa24
255,40,1,5158fc84-71e0-47a1-84e9-b3e446a391ae,76f02f30-28cd-4f15-88be-9c64860d1fce
256,41,3,5158fc84-71e0-47a1-84e9-b3e446a391ae,76f02f30-28cd-4f15-88be-9c64860d1fce
257,42,2,48c4ca28-4db8-420e-af57-241818a81194,dc042557-cbee-4743-9b72-2c0a34a99cc2
258,16,2,48c4ca28-4db8-420e-af57-241818a81194,dc042557-cbee-4743-9b72-2c0a34a99cc2
259,25,1,48c4ca28-4db8-420e-af57-241818a81194,dc042557-cbee-4743-9b72-2c0a34a99cc2
260,7,1,ee67c3b0-aa89-4b3b-8bbc-9d70695c132b,fa0ce0bb-b0d8-469d-8d42-e1153fc48272
261,19,2,ee67c3b0-aa89-4b3b-8bbc-9d70695c132b,fa0ce0bb-b0d8-469d-8d42-e1153fc48272
262,21,4,ee67c3b0-aa89-4b3b-8bbc-9d70695c132b,fa0ce0bb-b0d8-469d-8d42-e1153fc48272
263,20,1,abc09fec-2fa0-48f6-b7c4-913620785520,52479603-9957-4e4b-91eb-337c358d1755
264,6,4,abc09fec-2fa0-48f6-b7c4-913620785520,52479603-9957-4e4b-91eb-337c358d1755
265,46,3,abc09fec-2fa0-48f6-b7c4-913620785520,52479603-9957-4e4b-91eb-337c358d1755
266,2,59,d5566b15-b071-4acf-8e8e-c98433083b2d,50d33715-4c77-4dd9-8b9d-ff1ca372a2a2
267,3,28,c42f0de8-b4f0-4167-abd1-ae79e5e18eea,172eb8f3-1033-4fb6-b66b-d0df09df3161
268,4,63,b145f396-de9b-42f1-9cc9-f5b52c3a941c,65e4544d-42ae-4751-9580-bdcb90e5fcda
269,5,47,f4372224-759f-43b3-bc83-ca6106bba1af,745bee4e-710c-4538-8df1-5c146e1092a6
270,6,73,49d0edae-9091-41bb-a08d-ab1c66bd08d5,425b7a1a-b744-4c6b-898e-d424dd8cf18e
271,7,35,b26d55e2-eb75-4bce-89cf-5cee095eaeea,0495233b-9470-4e1a-bb30-a1ee3150c092
272,8,5,6ae04f04-85df-4b89-b057-5cb0459baab7,b0fcee8c-9047-405c-8316-28a38292be9d
273,9,85,9a6ee454-f8ca-4a5a-b751-402ce8257b5b,5958bf67-e190-4171-91eb-298b69c89282
274,10,34,84003744-296e-4294-86a3-8a96439d4ee8,d15bcc56-8948-4c3d-98ae-925d64b3f539
275,11,88,b23deb12-0dc3-40c3-889c-8e8d3206dc4a,a22439e8-7918-4cae-806a-9f6ae0de6828
276,12,72,7cd8ea7c-cea3-46fa-a913-724d59233a43,5f3d5c26-5d8b-4e48-88b0-b89d6aa5848d
277,13,15,446119d3-b86d-4648-93e1-7c9104fe6462,7486257f-61aa-4829-bafa-3d46366ce403
278,9,68,c42e63e2-e613-45df-9321-09c58bcedcf4,a3421fb8-ec22-489a-b8b2-8760a0474175
279,14,58,742df199-0e51-44d2-93ba-a5e3885d79ed,2aba8b17-dd45-46e7-84df-701e2f319c1b
280,15,40,c32eed70-314d-4321-b3f3-ea6c673d1cd7,7563cab2-7380-4b36-a04a-624aa1cdb54c
281,11,71,2ba7bb1e-3a26-4638-850b-af1689dbf1f8,de08b73c-d432-4a4f-bb30-de1cecebb529
282,16,76,70aee49a-32ac-4b29-9f05-59de1c043a48,80aae915-f2ef-486d-b074-54106ac01532
283,17,82,fd861308-291c-435e-a11b-92cbba182fb4,c974d7dc-20af-4058-9383-01cdcd9494ad
284,18,58,6af1f98f-7555-430a-9d7f-d0f70f1b0a54,e7cb4714-32c9-476b-8af4-e994b391badc
285,19,83,73608d6a-cc61-4043-b95c-175ba478ba7c,0e00dc18-d5b9-4555-be83-cb7af77f2208
286,20,11,2316da83-4a83-497c-bdf4-55ca9e8cadb9,6d7f8b2b-42ae-4ff8-8183-26a3257a91a0
287,16,34,71a28ff5-ef5d-4279-b9b7-8afa7174f579,1e6c05e9-a48c-486c-8143-ed93c11c8b09
288,21,14,3f9c4c5a-b644-40ed-8c3e-4776bdcac303,ea316ba1-76cb-4139-b609-9c5a6d09563d
289,22,29,7103af48-0693-401e-a8a9-7063ff0d0722,7bd51828-f481-41de-97ac-8712792b2e57
290,23,31,fb374a17-e2b4-4274-b777-a09cccc8dc7b,f3a36c1d-ff0a-4ee8-b55b-7d43e8e7a73d
291,24,57,eea522eb-17c1-42e2-8e33-c33710b7d329,681aa23a-70ea-4b69-babb-3d14009779b3
292,25,38,23924ca0-acae-4a6a-aa64-8d47b169f078,69542d28-1cc7-439e-abfd-de0ea90636fb
293,16,48,6307c024-1705-4508-b05f-ac96dba72fca,73511170-19d5-4686-96d7-1dedcc3cb5cf
294,26,93,9b878a0f-d9e2-47be-bfd2-2fc381dba95a,aeda3a81-6cc3-4f26-8d5d-3abc117f4866
295,27,82,458efede-2515-46b3-87a4-9fd49e2d711b,b551ee49-8095-4c62-9876-409c029fd625
296,2,46,a8420740-3acf-4f09-8564-b2c1182b2299,dc95916d-7a45-4bb5-859c-3f2d5ad8ab14
297,5,8,42929165-b971-4546-b882-8f90e59c3e0f,53ff8d36-3cbd-47a4-9fd5-738e3b547fd7
298,19,77,53cfa054-aabc-41b6-a357-af13f2dc5770,75a59dfe-7946-4f3e-baaa-bcdf8e9a3026
299,28,70,7b346de1-fe35-4204-93d2-0cb2600b4213,0d9a9d9f-f2ea-43a0-8289-51baed42f345
300,18,71,eb1d7193-5c90-4fcf-b41b-a6a3d5f925df,3ff2bcdb-6959-44ca-b3f5-d386e1b2144b
301,24,52,f47e4ef6-e326-433f-884c-a3802095a502,a2079d4b-3e83-46b1-a176-ea43e2b931d7
302,15,52,a0d5e405-23fc-4c24-8c7f-bd0b40b3b724,a23f6c7b-888e-4fac-ae5a-1cb2a2ffcbc0
303,29,62,2ea0f049-e73e-4506-805c-4f12b4a7810b,ad4c02d5-62ae-4ddd-8df2-0a4566b4defe
304,19,23,6820af07-1d42-417d-97a3-176e30884c33,b5863d0e-93b8-41eb-b237-b92ae20513c2
305,3,75,48a1b6eb-bac0-4fe8-8dc0-dbf56a49a771,394d1002-25e7-48e0-9c3d-0f0b97eddbae
306,18,17,c7f14ee0-3187-4d74-8849-714c10e168ba,b7878195-8d8a-439e-a3b7-fc766ceb62ba
307,8,13,c3681bad-d1a9-4cc4-8d26-b00e51c0c7ee,a22b928a-a5d6-4fe8-9f7a-fab531f9543f
308,30,13,dc883f1f-7e8f-40bf-a4b0-b41328c675b6,889f6174-2256-4747-9156-8d3a3b0f5406
309,31,97,68dc7343-9c24-4c9b-bd29-acae05bf399c,dd83a1b4-c569-47a6-a705-8d424dc91fa2
310,32,31,b21bcc31-0451-4f80-963f-3087de248f8a,11d27aee-b7ce-43ba-8ddb-5a10ae151f8e
311,33,15,8dbbc936-6d70-46c8-8573-c0ca8825329f,f4cc408a-6f4f-4ebe-87f4-1f6b93ec0bee
312,27,89,1be3c9a2-37b8-4e24-a360-c4c7cc7ff713,1aa40626-9d29-4a29-a815-7788529a3a74
313,17,89,d808ffd0-d467-4bcc-8449-9e748b4a04ce,a1316db2-ab92-4569-9538-bf63f43e6a0b
314,3,52,7e79d23c-8877-4200-aeee-35a5934db1df,c9943890-9047-4346-87b2-77ddbb997350
315,15,9,4ece87fd-d687-4fa1-a217-7822923a1ade,f609d6d9-d7fa-4f5b-9dec-d4f016d1fa48
316,7,92,98811bfd-37d0-4895-bbeb-e8235602abbd,3c0effcc-e964-4631-975a-921cc9cda9d5
317,34,49,cebefc0d-2fb9-4e91-94fe-2fb720e8f058,25615e8c-ea06-491e-bcdf-9865bdd7e5ac
318,27,88,ff32be02-476b-4616-9dbd-78dd6f3d928b,0d770726-de32-4072-b9d1-87da26be6d42
319,17,71,b7ae2648-bc18-4b26-87cf-8f68b75a7888,f583d462-eb6a-416a-9c1a-98f496525d88
320,35,95,11382b86-0769-4f6e-afea-c921397a444a,71f7be6f-ae6a-4232-ad7a-78c3cb77c754
321,27,42,68da2756-09f4-49fa-b3d9-f6b8798da0ac,a8ffbfd5-dc8b-4ec3-b2bf-c99649303da2
322,19,49,6656251a-ca70-401b-9dc1-5b5d892ea630,d60fa858-eea6-4807-a25d-638bd793a0a1
323,36,67,5ebd7a1c-2d62-406e-b2b4-c250625e6287,8397177a-86f1-4da9-802c-e3866867ac94
324,37,80,8d73d024-6813-44e6-93f2-9ee8cb20718f,fbd86280-4d9c-4c94-a886-8c7046f715b7
325,21,86,0095d8da-3246-4f33-b76d-990b5ac46dc9,c4c7595f-4d8f-4aaf-b7eb-b1437008ff31
326,3,50,02e5081e-abf3-4e23-a9ef-47b0949f31b9,c84a77f1-94e7-45e4-b187-640aaa465ca0
327,38,46,44080c04-3ad0-43bb-a40d-d37e35e032f2,eed45163-9a39-4b1c-8b88-45ec4eb9b6ce
328,22,92,a6174fda-397f-4e9a-9fed-75166bca2c16,0d8f57e2-cd6a-4e9d-8f16-45723b54be73
329,39,78,52075ab4-f664-416f-b583-a366b168bc5e,0f4d47b0-f097-4966-9f29-78415e2e9e7c
330,40,60,43e66a58-b6ef-40da-ac74-6516dd0d6830,922e8e10-7ca8-4c94-b1e5-0249db05a8c1
331,13,99,e2055730-995c-4180-894f-116aec59bbab,4ab87e71-14af-4e71-9929-36a226282246
332,24,98,8826333b-cf1f-44ee-98db-cc159e5afa5f,d672e1cf-afe7-43ab-8c37-5494c5865529
333,41,93,80c0f4e4-3001-4983-91a9-44b1742e6f6b,ceb2015f-39cc-405b-b5d5-85689389a990
334,7,61,4684e7d3-c044-4a98-80e9-5f43e9ff23d3,9db9f884-b940-428b-b57d-f019859cfbce
335,23,21,dc85afa8-4888-4e1f-8cdd-470879901108,1ceb1c5d-ec87-43b9-9a8c-2731f3fbd1e2
336,11,9,d7739dfe-596f-4527-a0ae-83a5b2f32b0d,2d1ab995-977f-4f05-a5e0-80f9d2e8fff7
337,3,99,f933a1d6-0b38-427a-9fd0-297d8eb94918,6d5ea524-75df-4404-b07b-0df1a9cd0121
338,39,45,c2503d64-0050-4d35-822c-6a540272fe1a,0f8c5154-7f7b-46ab-ad4d-d5c993e2c84e
339,7,21,89a6aaff-4a87-400f-915f-9e6f2d263a32,9a614d0d-12bc-4de7-84da-5def82a15c74
340,35,41,5edca4f4-c65a-4936-8c63-0694ba8245cb,fedd55d5-e1cc-42d4-9a14-c36ba242f32d
341,31,38,125958b0-d8fd-4dcb-826b-a5f8f39a9956,dd93f3be-7e31-4600-bfab-eab48fac2e30
342,7,88,2581514a-9e27-4d03-9943-478f2e059151,0c64ec45-1b2c-46a6-a3b8-8b1f9987b8c1
343,17,88,22b17302-3ea2-4bf4-b5a9-50b4efd0bbc7,990c258c-276b-4e97-8ea8-a6eeb127377b
344,27,41,c47b1521-0d18-410e-908b-780e91a78118,cf4386a1-9272-4141-884a-089164d72923
345,17,17,f473d983-eb17-4b62-85fd-76b31540e41d,8ee29392-1b02-4940-801e-3d27c5c0e885
346,6,21,af1a5839-9736-4c7d-b48c-8c3c560bbf02,cdcac61f-a48e-4de5-bdd6-f6e733716395
347,42,75,39053f90-0c8f-4e5e-b8b2-4b51c82d7014,5ee93361-df63-45cf-84ea-8102ce020bd5
348,40,8,d45c1fc9-2b06-4a2b-9625-7a8bda5b2be7,f9bc33c3-399c-497c-9587-59194f9c2bcf
349,37,42,b7392abc-151f-43fe-97d8-aee98f46f246,cf05fc39-3809-47b1-bf2b-3fb743493575
350,28,90,ff60676a-e25d-4628-84e9-203c98225944,1a8d7f91-898e-4c9b-9ea3-96b57d6c1c3c
351,42,80,bad8935d-55aa-49aa-81d9-d42c3410b108,1b9491ef-60f8-480e-b063-060029f6532c
352,41,61,0338aff7-ed92-4128-9957-24e109b1aa5b,bc0dc730-aab8-4fb1-94ef-24350c6cd850
353,39,87,7d12aa83-b1c4-4c6c-a3e6-b7cd6f26498c,3ebbac00-534f-4c13-bef0-4b495a264851
354,21,87,72ea2fbd-b7e1-4c61-8292-a8924d6ee8f0,f87b387f-3709-4406-9839-5045631bd4e4
355,9,14,a3e21e04-b65b-47da-845a-4cdaf559f5f2,4c4721d5-eabb-44c6-83a2-5b8ea7039e69
356,17,55,e2ee7c06-c34e-42e7-8e35-055953addca3,9f129880-ede4-4c4d-adbe-c0d04e75cf1c
357,7,41,aa0823cf-e8a7-4500-934a-b18b42036d2e,b971a15c-87ef-4e79-814d-228534ad2c1a
358,13,44,a7523398-8ffe-49bb-bec2-ba85709bd3d9,97fab43b-c89a-459c-a700-e5bb645fb557
359,3,70,e9bee4c1-c56a-4e8e-8e91-79d8f6a98b5b,82982f6a-bf45-443f-84f2-47f9f78fdce9
360,17,43,d7d52dc6-d13e-4a07-aa6a-934642b20473,b4c2d12a-b9fa-4143-b411-69032cdd5927
361,9,16,d247fff7-d785-4593-aad9-ddb3f6d0a809,640beb45-2e69-4ff4-b01c-37cd9c0c2427
362,43,25,e92bc306-314e-4853-8728-0107aa27b936,f94fbe6a-3f7a-4141-8405-9748f55ac880
363,14,26,333bc679-0295-49cd-ad2e-cbb89a65bd99,b6acb8d3-1efd-4496-b0e7-5f2d4be9ff45
364,25,40,b7f83fe7-6ae2-4e75-81e1-8440d26778c2,d72c004c-6999-4ffb-b291-1bd581c65d95
365,9,42,d26316d2-19e2-45c0-9ada-b92ba56a4da2,3343a3b9-be11-4276-bca9-d7f4dd0b40aa
366,6,84,b65da068-cfdf-4247-84db-91232e610217,d74dc441-1948-4ba8-aeef-843bd074e246
367,35,14,fc629195-daf2-465a-91bd-330719735bb1,60df7002-bc50-4357-8014-02e42f5a5ab6
368,36,25,ee0f4141-13ad-4289-a414-f1756a5748ef,3264f6eb-ce55-44da-845b-32cbf99da950
369,44,39,c6d4e9d1-45a7-4948-9ec6-be687c4b8bba,fdc68f90-b2e4-483b-985d-b237467e8d9a
370,7,16,bad3d1a2-b14d-4efa-8f81-5270ee921ae6,d7a8eb36-e00d-484f-b21e-a2ab742f8a2a
371,14,95,d2ee1b75-2218-4753-9487-dcca23d667c6,0a994581-341f-43bf-979d-ece1e58de7ec
372,10,54,6a6d3fce-c5aa-4154-a6a3-b56cb41f709f,403bf915-a897-4918-933b-3996e144e960
373,11,20,b19cec0d-357e-4c6b-9257-8be52b1c71b5,d3b17672-60fb-443f-a047-2c379132dcb1
374,22,7,d2a2460e-00d1-41f2-84cc-eba01eb88d75,b9f78d5b-79ae-441e-9dbf-592767af34a5
375,20,35,75891066-59b4-437b-951f-ec553fb26b94,28fff0d2-38ea-40a7-b2ef-c2a2f7e69370
376,2,59,d5566b15-b071-4acf-8e8e-c98433083b2d,50d33715-4c77-4dd9-8b9d-ff1ca372a2a2
377,3,28,c42f0de8-b4f0-4167-abd1-ae79e5e18eea,172eb8f3-1033-4fb6-b66b-d0df09df3161
378,4,63,b145f396-de9b-42f1-9cc9-f5b52c3a941c,65e4544d-42ae-4751-9580-bdcb90e5fcda
379,5,47,f4372224-759f-43b3-bc83-ca6106bba1af,745bee4e-710c-4538-8df1-5c146e1092a6
380,6,73,49d0edae-9091-41bb-a08d-ab1c66bd08d5,425b7a1a-b744-4c6b-898e-d424dd8cf18e
381,7,35,b26d55e2-eb75-4bce-89cf-5cee095eaeea,0495233b-9470-4e1a-bb30-a1ee3150c092
382,8,5,6ae04f04-85df-4b89-b057-5cb0459baab7,b0fcee8c-9047-405c-8316-28a38292be9d
383,9,85,9a6ee454-f8ca-4a5a-b751-402ce8257b5b,5958bf67-e190-4171-91eb-298b69c89282
384,10,34,84003744-296e-4294-86a3-8a96439d4ee8,d15bcc56-8948-4c3d-98ae-925d64b3f539
385,11,88,b23deb12-0dc3-40c3-889c-8e8d3206dc4a,a22439e8-7918-4cae-806a-9f6ae0de6828
386,12,72,7cd8ea7c-cea3-46fa-a913-724d59233a43,5f3d5c26-5d8b-4e48-88b0-b89d6aa5848d
387,13,15,446119d3-b86d-4648-93e1-7c9104fe6462,7486257f-61aa-4829-bafa-3d46366ce403
388,9,68,c42e63e2-e613-45df-9321-09c58bcedcf4,a3421fb8-ec22-489a-b8b2-8760a0474175
389,14,58,742df199-0e51-44d2-93ba-a5e3885d79ed,2aba8b17-dd45-46e7-84df-701e2f319c1b
390,15,40,c32eed70-314d-4321-b3f3-ea6c673d1cd7,7563cab2-7380-4b36-a04a-624aa1cdb54c
391,11,71,2ba7bb1e-3a26-4638-850b-af1689dbf1f8,de08b73c-d432-4a4f-bb30-de1cecebb529
392,16,76,70aee49a-32ac-4b29-9f05-59de1c043a48,80aae915-f2ef-486d-b074-54106ac01532
393,17,82,fd861308-291c-435e-a11b-92cbba182fb4,c974d7dc-20af-4058-9383-01cdcd9494ad
394,18,58,6af1f98f-7555-430a-9d7f-d0f70f1b0a54,e7cb4714-32c9-476b-8af4-e994b391badc
395,19,83,73608d6a-cc61-4043-b95c-175ba478ba7c,0e00dc18-d5b9-4555-be83-cb7af77f2208
396,20,11,2316da83-4a83-497c-bdf4-55ca9e8cadb9,6d7f8b2b-42ae-4ff8-8183-26a3257a91a0
397,16,34,71a28ff5-ef5d-4279-b9b7-8afa7174f579,1e6c05e9-a48c-486c-8143-ed93c11c8b09
398,21,14,3f9c4c5a-b644-40ed-8c3e-4776bdcac303,ea316ba1-76cb-4139-b609-9c5a6d09563d
399,22,29,7103af48-0693-401e-a8a9-7063ff0d0722,7bd51828-f481-41de-97ac-8712792b2e57
400,23,31,fb374a17-e2b4-4274-b777-a09cccc8dc7b,f3a36c1d-ff0a-4ee8-b55b-7d43e8e7a73d
401,24,57,eea522eb-17c1-42e2-8e33-c33710b7d329,681aa23a-70ea-4b69-babb-3d14009779b3
402,25,38,23924ca0-acae-4a6a-aa64-8d47b169f078,69542d28-1cc7-439e-abfd-de0ea90636fb
403,16,48,6307c024-1705-4508-b05f-ac96dba72fca,73511170-19d5-4686-96d7-1dedcc3cb5cf
404,26,93,9b878a0f-d9e2-47be-bfd2-2fc381dba95a,aeda3a81-6cc3-4f26-8d5d-3abc117f4866
405,27,82,458efede-2515-46b3-87a4-9fd49e2d711b,b551ee49-8095-4c62-9876-409c029fd625
406,2,46,a8420740-3acf-4f09-8564-b2c1182b2299,dc95916d-7a45-4bb5-859c-3f2d5ad8ab14
407,5,8,42929165-b971-4546-b882-8f90e59c3e0f,53ff8d36-3cbd-47a4-9fd5-738e3b547fd7
408,19,77,53cfa054-aabc-41b6-a357-af13f2dc5770,75a59dfe-7946-4f3e-baaa-bcdf8e9a3026
409,28,70,7b346de1-fe35-4204-93d2-0cb2600b4213,0d9a9d9f-f2ea-43a0-8289-51baed42f345
410,18,71,eb1d7193-5c90-4fcf-b41b-a6a3d5f925df,3ff2bcdb-6959-44ca-b3f5-d386e1b2144b
411,24,52,f47e4ef6-e326-433f-884c-a3802095a502,a2079d4b-3e83-46b1-a176-ea43e2b931d7
412,15,52,a0d5e405-23fc-4c24-8c7f-bd0b40b3b724,a23f6c7b-888e-4fac-ae5a-1cb2a2ffcbc0
413,29,62,2ea0f049-e73e-4506-805c-4f12b4a7810b,ad4c02d5-62ae-4ddd-8df2-0a4566b4defe
414,19,23,6820af07-1d42-417d-97a3-176e30884c33,b5863d0e-93b8-41eb-b237-b92ae20513c2
415,3,75,48a1b6eb-bac0-4fe8-8dc0-dbf56a49a771,394d1002-25e7-48e0-9c3d-0f0b97eddbae
416,18,17,c7f14ee0-3187-4d74-8849-714c10e168ba,b7878195-8d8a-439e-a3b7-fc766ceb62ba
417,8,13,c3681bad-d1a9-4cc4-8d26-b00e51c0c7ee,a22b928a-a5d6-4fe8-9f7a-fab531f9543f
418,30,13,dc883f1f-7e8f-40bf-a4b0-b41328c675b6,889f6174-2256-4747-9156-8d3a3b0f5406
419,31,97,68dc7343-9c24-4c9b-bd29-acae05bf399c,dd83a1b4-c569-47a6-a705-8d424dc91fa2
420,32,31,b21bcc31-0451-4f80-963f-3087de248f8a,11d27aee-b7ce-43ba-8ddb-5a10ae151f8e
421,33,15,8dbbc936-6d70-46c8-8573-c0ca8825329f,f4cc408a-6f4f-4ebe-87f4-1f6b93ec0bee
422,27,89,1be3c9a2-37b8-4e24-a360-c4c7cc7ff713,1aa40626-9d29-4a29-a815-7788529a3a74
423,17,89,d808ffd0-d467-4bcc-8449-9e748b4a04ce,a1316db2-ab92-4569-9538-bf63f43e6a0b
424,3,52,7e79d23c-8877-4200-aeee-35a5934db1df,c9943890-9047-4346-87b2-77ddbb997350
425,15,9,4ece87fd-d687-4fa1-a217-7822923a1ade,f609d6d9-d7fa-4f5b-9dec-d4f016d1fa48
426,7,92,98811bfd-37d0-4895-bbeb-e8235602abbd,3c0effcc-e964-4631-975a-921cc9cda9d5
427,34,49,cebefc0d-2fb9-4e91-94fe-2fb720e8f058,25615e8c-ea06-491e-bcdf-9865bdd7e5ac
428,27,88,ff32be02-476b-4616-9dbd-78dd6f3d928b,0d770726-de32-4072-b9d1-87da26be6d42
429,17,71,b7ae2648-bc18-4b26-87cf-8f68b75a7888,f583d462-eb6a-416a-9c1a-98f496525d88
430,35,95,11382b86-0769-4f6e-afea-c921397a444a,71f7be6f-ae6a-4232-ad7a-78c3cb77c754
431,27,42,68da2756-09f4-49fa-b3d9-f6b8798da0ac,a8ffbfd5-dc8b-4ec3-b2bf-c99649303da2
432,19,49,6656251a-ca70-401b-9dc1-5b5d892ea630,d60fa858-eea6-4807-a25d-638bd793a0a1
433,36,67,5ebd7a1c-2d62-406e-b2b4-c250625e6287,8397177a-86f1-4da9-802c-e3866867ac94
434,37,80,8d73d024-6813-44e6-93f2-9ee8cb20718f,fbd86280-4d9c-4c94-a886-8c7046f715b7
435,21,86,0095d8da-3246-4f33-b76d-990b5ac46dc9,c4c7595f-4d8f-4aaf-b7eb-b1437008ff31
436,3,50,02e5081e-abf3-4e23-a9ef-47b0949f31b9,c84a77f1-94e7-45e4-b187-640aaa465ca0
437,38,46,44080c04-3ad0-43bb-a40d-d37e35e032f2,eed45163-9a39-4b1c-8b88-45ec4eb9b6ce
438,22,92,a6174fda-397f-4e9a-9fed-75166bca2c16,0d8f57e2-cd6a-4e9d-8f16-45723b54be73
439,39,78,52075ab4-f664-416f-b583-a366b168bc5e,0f4d47b0-f097-4966-9f29-78415e2e9e7c
440,40,60,43e66a58-b6ef-40da-ac74-6516dd0d6830,922e8e10-7ca8-4c94-b1e5-0249db05a8c1
441,13,99,e2055730-995c-4180-894f-116aec59bbab,4ab87e71-14af-4e71-9929-36a226282246
442,24,98,8826333b-cf1f-44ee-98db-cc159e5afa5f,d672e1cf-afe7-43ab-8c37-5494c5865529
443,41,93,80c0f4e4-3001-4983-91a9-44b1742e6f6b,ceb2015f-39cc-405b-b5d5-85689389a990
444,7,61,4684e7d3-c044-4a98-80e9-5f43e9ff23d3,9db9f884-b940-428b-b57d-f019859cfbce
445,23,21,dc85afa8-4888-4e1f-8cdd-470879901108,1ceb1c5d-ec87-43b9-9a8c-2731f3fbd1e2
446,11,9,d7739dfe-596f-4527-a0ae-83a5b2f32b0d,2d1ab995-977f-4f05-a5e0-80f9d2e8fff7
447,3,99,f933a1d6-0b38-427a-9fd0-297d8eb94918,6d5ea524-75df-4404-b07b-0df1a9cd0121
448,39,45,c2503d64-0050-4d35-822c-6a540272fe1a,0f8c5154-7f7b-46ab-ad4d-d5c993e2c84e
449,7,21,89a6aaff-4a87-400f-915f-9e6f2d263a32,9a614d0d-12bc-4de7-84da-5def82a15c74
450,35,41,5edca4f4-c65a-4936-8c63-0694ba8245cb,fedd55d5-e1cc-42d4-9a14-c36ba242f32d
451,31,38,125958b0-d8fd-4dcb-826b-a5f8f39a9956,dd93f3be-7e31-4600-bfab-eab48fac2e30
452,7,88,2581514a-9e27-4d03-9943-478f2e059151,0c64ec45-1b2c-46a6-a3b8-8b1f9987b8c1
453,17,88,22b17302-3ea2-4bf4-b5a9-50b4efd0bbc7,990c258c-276b-4e97-8ea8-a6eeb127377b
454,27,41,c47b1521-0d18-410e-908b-780e91a78118,cf4386a1-9272-4141-884a-089164d72923
455,17,17,f473d983-eb17-4b62-85fd-76b31540e41d,8ee29392-1b02-4940-801e-3d27c5c0e885
456,6,21,af1a5839-9736-4c7d-b48c-8c3c560bbf02,cdcac61f-a48e-4de5-bdd6-f6e733716395
457,42,75,39053f90-0c8f-4e5e-b8b2-4b51c82d7014,5ee93361-df63-45cf-84ea-8102ce020bd5
458,40,8,d45c1fc9-2b06-4a2b-9625-7a8bda5b2be7,f9bc33c3-399c-497c-9587-59194f9c2bcf
459,37,42,b7392abc-151f-43fe-97d8-aee98f46f246,cf05fc39-3809-47b1-bf2b-3fb743493575
460,28,90,ff60676a-e25d-4628-84e9-203c98225944,1a8d7f91-898e-4c9b-9ea3-96b57d6c1c3c
461,42,80,bad8935d-55aa-49aa-81d9-d42c3410b108,1b9491ef-60f8-480e-b063-060029f6532c
462,41,61,0338aff7-ed92-4128-9957-24e109b1aa5b,bc0dc730-aab8-4fb1-94ef-24350c6cd850
463,39,87,7d12aa83-b1c4-4c6c-a3e6-b7cd6f26498c,3ebbac00-534f-4c13-bef0-4b495a264851
464,21,87,72ea2fbd-b7e1-4c61-8292-a8924d6ee8f0,f87b387f-3709-4406-9839-5045631bd4e4
465,9,14,a3e21e04-b65b-47da-845a-4cdaf559f5f2,4c4721d5-eabb-44c6-83a2-5b8ea7039e69
466,17,55,e2ee7c06-c34e-42e7-8e35-055953addca3,9f129880-ede4-4c4d-adbe-c0d04e75cf1c
467,7,41,aa0823cf-e8a7-4500-934a-b18b42036d2e,b971a15c-87ef-4e79-814d-228534ad2c1a
468,13,44,a7523398-8ffe-49bb-bec2-ba85709bd3d9,97fab43b-c89a-459c-a700-e5bb645fb557
469,3,70,e9bee4c1-c56a-4e8e-8e91-79d8f6a98b5b,82982f6a-bf45-443f-84f2-47f9f78fdce9
470,17,43,d7d52dc6-d13e-4a07-aa6a-934642b20473,b4c2d12a-b9fa-4143-b411-69032cdd5927
471,9,16,d247fff7-d785-4593-aad9-ddb3f6d0a809,640beb45-2e69-4ff4-b01c-37cd9c0c2427
472,43,25,e92bc306-314e-4853-8728-0107aa27b936,f94fbe6a-3f7a-4141-8405-9748f55ac880
473,14,26,333bc679-0295-49cd-ad2e-cbb89a65bd99,b6acb8d3-1efd-4496-b0e7-5f2d4be9ff45
474,25,40,b7f83fe7-6ae2-4e75-81e1-8440d26778c2,d72c004c-6999-4ffb-b291-1bd581c65d95
475,9,42,d26316d2-19e2-45c0-9ada-b92ba56a4da2,3343a3b9-be11-4276-bca9-d7f4dd0b40aa
476,6,84,b65da068-cfdf-4247-84db-91232e610217,d74dc441-1948-4ba8-aeef-843bd074e246
477,35,14,fc629195-daf2-465a-91bd-330719735bb1,60df7002-bc50-4357-8014-02e42f5a5ab6
478,36,25,ee0f4141-13ad-4289-a414-f1756a5748ef,3264f6eb-ce55-44da-845b-32cbf99da950
479,44,39,c6d4e9d1-45a7-4948-9ec6-be687c4b8bba,fdc68f90-b2e4-483b-985d-b237467e8d9a
480,7,16,bad3d1a2-b14d-4efa-8f81-5270ee921ae6,d7a8eb36-e00d-484f-b21e-a2ab742f8a2a
481,14,95,d2ee1b75-2218-4753-9487-dcca23d667c6,0a994581-341f-43bf-979d-ece1e58de7ec
482,10,54,6a6d3fce-c5aa-4154-a6a3-b56cb41f709f,403bf915-a897-4918-933b-3996e144e960
483,11,20,b19cec0d-357e-4c6b-9257-8be52b1c71b5,d3b17672-60fb-443f-a047-2c379132dcb1
484,22,7,d2a2460e-00d1-41f2-84cc-eba01eb88d75,b9f78d5b-79ae-441e-9dbf-592767af34a5
485,20,35,75891066-59b4-437b-951f-ec553fb26b94,28fff0d2-38ea-40a7-b2ef-c2a2f7e69370
486,29,2,bb53f18b-e3c5-48c1-900e-e8ed623ca467,1add84b7-14f5-4857-903b-578408246946
487,44,4,bb53f18b-e3c5-48c1-900e-e8ed623ca467,1add84b7-14f5-4857-903b-578408246946
488,13,2,bb53f18b-e3c5-48c1-900e-e8ed623ca467,1add84b7-14f5-4857-903b-578408246946
489,18,2,5d64f731-cb01-4992-a27c-a6e1342f4913,d57d76d8-7dca-4ee4-84c0-1745fb4c8779
490,15,1,5d64f731-cb01-4992-a27c-a6e1342f4913,d57d76d8-7dca-4ee4-84c0-1745fb4c8779
491,16,3,5d64f731-cb01-4992-a27c-a6e1342f4913,d57d76d8-7dca-4ee4-84c0-1745fb4c8779
492,19,1,026ffd7c-cff2-4daa-ae76-6768d3283861,d33a7b5d-15e5-4ba6-93ef-136bbcbf4946
493,34,4,026ffd7c-cff2-4daa-ae76-6768d3283861,d33a7b5d-15e5-4ba6-93ef-136bbcbf4946
494,8,1,c42221be-4851-42df-9184-1b4f96962bb7,134fb73e-fc99-41e4-92c4-6ecbada5574f
495,44,4,c42221be-4851-42df-9184-1b4f96962bb7,134fb73e-fc99-41e4-92c4-6ecbada5574f
496,23,3,c42221be-4851-42df-9184-1b4f96962bb7,134fb73e-fc99-41e4-92c4-6ecbada5574f
497,8,1,57001f3e-d6be-4031-9295-a6b208c0ad46,49714439-c858-4e61-b7c6-f4d4c848c46b
498,42,3,950db98c-fb0f-4b78-bbee-bf9ae97faeca,5b9e2a68-7967-46e0-8e35-bc993a1f07e6
499,19,5,950db98c-fb0f-4b78-bbee-bf9ae97faeca,5b9e2a68-7967-46e0-8e35-bc993a1f07e6
500,24,1,cd140190-a53b-4660-a5b4-cc844a6506f0,89ba200c-ca90-443a-b64f-397bce091eae
501,35,4,cd140190-a53b-4660-a5b4-cc844a6506f0,89ba200c-ca90-443a-b64f-397bce091eae
502,2,4,cd140190-a53b-4660-a5b4-cc844a6506f0,89ba200c-ca90-443a-b64f-397bce091eae
503,35,2,bb75bf7d-c008-4267-bf92-6089cff5fe56,5e9405de-a078-4b00-99c6-96564568b63c
504,19,3,bb75bf7d-c008-4267-bf92-6089cff5fe56,5e9405de-a078-4b00-99c6-96564568b63c
505,45,3,c6addf8b-eea6-43b8-9040-b5620b1a0d99,7aebe820-8478-4a29-a606-7c59af677e24
506,2,3,c6addf8b-eea6-43b8-9040-b5620b1a0d99,7aebe820-8478-4a29-a606-7c59af677e24
507,20,3,f156fb67-e7e7-448c-b9c3-0b5f0425d134,2ba952cd-d5bf-4bb4-96fe-02fd4e166d12
508,10,2,f156fb67-e7e7-448c-b9c3-0b5f0425d134,2ba952cd-d5bf-4bb4-96fe-02fd4e166d12
509,36,2,f04f3daf-8ede-4787-a3ad-6ff06274229d,130208de-fef4-46cd-8b9b-1ea5b939895b
510,42,1,372fd2b1-b2a7-4553-b6d7-426a1bc88e56,e34973c8-9ca9-4a06-b497-7a8b49625fc2
511,29,3,20efa3c2-c498-4908-8af4-f81c76781912,0167b0c3-60fd-4fbd-b378-fba0ceac39ff
512,26,3,20efa3c2-c498-4908-8af4-f81c76781912,0167b0c3-60fd-4fbd-b378-fba0ceac39ff
513,14,3,469d957f-28ef-4eac-956a-d2a42b06d3ab,fcadc756-61e9-41bb-871b-d3546c5aa981
514,21,2,469d957f-28ef-4eac-956a-d2a42b06d3ab,fcadc756-61e9-41bb-871b-d3546c5aa981
515,11,1,b377e5d5-563f-475d-8c6d-b9f85ad861fd,fa60bc82-665e-4fe0-8f1f-b8a7675c2e2a
516,35,4,b377e5d5-563f-475d-8c6d-b9f85ad861fd,fa60bc82-665e-4fe0-8f1f-b8a7675c2e2a
517,25,4,b377e5d5-563f-475d-8c6d-b9f85ad861fd,fa60bc82-665e-4fe0-8f1f-b8a7675c2e2a
518,23,2,c44107fb-70a4-4ff2-bedb-48b9ecfd3d6d,479bfe4c-7137-44dd-bb42-a4ab7900aa24
519,40,1,5158fc84-71e0-47a1-84e9-b3e446a391ae,76f02f30-28cd-4f15-88be-9c64860d1fce
520,41,3,5158fc84-71e0-47a1-84e9-b3e446a391ae,76f02f30-28cd-4f15-88be-9c64860d1fce
521,42,2,48c4ca28-4db8-420e-af57-241818a81194,dc042557-cbee-4743-9b72-2c0a34a99cc2
522,16,2,48c4ca28-4db8-420e-af57-241818a81194,dc042557-cbee-4743-9b72-2c0a34a99cc2
523,25,1,48c4ca28-4db8-420e-af57-241818a81194,dc042557-cbee-4743-9b72-2c0a34a99cc2
524,7,1,ee67c3b0-aa89-4b3b-8bbc-9d70695c132b,fa0ce0bb-b0d8-469d-8d42-e1153fc48272
525,19,2,ee67c3b0-aa89-4b3b-8bbc-9d70695c132b,fa0ce0bb-b0d8-469d-8d42-e1153fc48272
526,21,4,ee67c3b0-aa89-4b3b-8bbc-9d70695c132b,fa0ce0bb-b0d8-469d-8d42-e1153fc48272
527,20,1,abc09fec-2fa0-48f6-b7c4-913620785520,52479603-9957-4e4b-91eb-337c358d1755
528,6,4,abc09fec-2fa0-48f6-b7c4-913620785520,52479603-9957-4e4b-91eb-337c358d1755
529,46,3,abc09fec-2fa0-48f6-b7c4-913620785520,52479603-9957-4e4b-91eb-337c358d1755
530,2,59,d5566b15-b071-4acf-8e8e-c98433083b2d,50d33715-4c77-4dd9-8b9d-ff1ca372a2a2
531,3,28,c42f0de8-b4f0-4167-abd1-ae79e5e18eea,172eb8f3-1033-4fb6-b66b-d0df09df3161
532,4,63,b145f396-de9b-42f1-9cc9-f5b52c3a941c,65e4544d-42ae-4751-9580-bdcb90e5fcda
533,5,47,f4372224-759f-43b3-bc83-ca6106bba1af,745bee4e-710c-4538-8df1-5c146e1092a6
534,6,73,49d0edae-9091-41bb-a08d-ab1c66bd08d5,425b7a1a-b744-4c6b-898e-d424dd8cf18e
535,7,35,b26d55e2-eb75-4bce-89cf-5cee095eaeea,0495233b-9470-4e1a-bb30-a1ee3150c092
536,8,5,6ae04f04-85df-4b89-b057-5cb0459baab7,b0fcee8c-9047-405c-8316-28a38292be9d
537,9,85,9a6ee454-f8ca-4a5a-b751-402ce8257b5b,5958bf67-e190-4171-91eb-298b69c89282
538,10,34,84003744-296e-4294-86a3-8a96439d4ee8,d15bcc56-8948-4c3d-98ae-925d64b3f539
539,11,88,b23deb12-0dc3-40c3-889c-8e8d3206dc4a,a22439e8-7918-4cae-806a-9f6ae0de6828
540,12,72,7cd8ea7c-cea3-46fa-a913-724d59233a43,5f3d5c26-5d8b-4e48-88b0-b89d6aa5848d
541,13,15,446119d3-b86d-4648-93e1-7c9104fe6462,7486257f-61aa-4829-bafa-3d46366ce403
542,9,68,c42e63e2-e613-45df-9321-09c58bcedcf4,a3421fb8-ec22-489a-b8b2-8760a0474175
543,14,58,742df199-0e51-44d2-93ba-a5e3885d79ed,2aba8b17-dd45-46e7-84df-701e2f319c1b
544,15,40,c32eed70-314d-4321-b3f3-ea6c673d1cd7,7563cab2-7380-4b36-a04a-624aa1cdb54c
545,11,71,2ba7bb1e-3a26-4638-850b-af1689dbf1f8,de08b73c-d432-4a4f-bb30-de1cecebb529
546,16,76,70aee49a-32ac-4b29-9f05-59de1c043a48,80aae915-f2ef-486d-b074-54106ac01532
547,17,82,fd861308-291c-435e-a11b-92cbba182fb4,c974d7dc-20af-4058-9383-01cdcd9494ad
548,18,58,6af1f98f-7555-430a-9d7f-d0f70f1b0a54,e7cb4714-32c9-476b-8af4-e994b391badc
549,19,83,73608d6a-cc61-4043-b95c-175ba478ba7c,0e00dc18-d5b9-4555-be83-cb7af77f2208
550,20,11,2316da83-4a83-497c-bdf4-55ca9e8cadb9,6d7f8b2b-42ae-4ff8-8183-26a3257a91a0
551,16,34,71a28ff5-ef5d-4279-b9b7-8afa7174f579,1e6c05e9-a48c-486c-8143-ed93c11c8b09
552,21,14,3f9c4c5a-b644-40ed-8c3e-4776bdcac303,ea316ba1-76cb-4139-b609-9c5a6d09563d
553,22,29,7103af48-0693-401e-a8a9-7063ff0d0722,7bd51828-f481-41de-97ac-8712792b2e57
554,23,31,fb374a17-e2b4-4274-b777-a09cccc8dc7b,f3a36c1d-ff0a-4ee8-b55b-7d43e8e7a73d
555,24,57,eea522eb-17c1-42e2-8e33-c33710b7d329,681aa23a-70ea-4b69-babb-3d14009779b3
556,25,38,23924ca0-acae-4a6a-aa64-8d47b169f078,69542d28-1cc7-439e-abfd-de0ea90636fb
557,16,48,6307c024-1705-4508-b05f-ac96dba72fca,73511170-19d5-4686-96d7-1dedcc3cb5cf
558,26,93,9b878a0f-d9e2-47be-bfd2-2fc381dba95a,aeda3a81-6cc3-4f26-8d5d-3abc117f4866
559,27,82,458efede-2515-46b3-87a4-9fd49e2d711b,b551ee49-8095-4c62-9876-409c029fd625
560,2,46,a8420740-3acf-4f09-8564-b2c1182b2299,dc95916d-7a45-4bb5-859c-3f2d5ad8ab14
561,5,8,42929165-b971-4546-b882-8f90e59c3e0f,53ff8d36-3cbd-47a4-9fd5-738e3b547fd7
562,19,77,53cfa054-aabc-41b6-a357-af13f2dc5770,75a59dfe-7946-4f3e-baaa-bcdf8e9a3026
563,28,70,7b346de1-fe35-4204-93d2-0cb2600b4213,0d9a9d9f-f2ea-43a0-8289-51baed42f345
564,18,71,eb1d7193-5c90-4fcf-b41b-a6a3d5f925df,3ff2bcdb-6959-44ca-b3f5-d386e1b2144b
565,24,52,f47e4ef6-e326-433f-884c-a3802095a502,a2079d4b-3e83-46b1-a176-ea43e2b931d7
566,15,52,a0d5e405-23fc-4c24-8c7f-bd0b40b3b724,a23f6c7b-888e-4fac-ae5a-1cb2a2ffcbc0
567,29,62,2ea0f049-e73e-4506-805c-4f12b4a7810b,ad4c02d5-62ae-4ddd-8df2-0a4566b4defe
568,19,23,6820af07-1d42-417d-97a3-176e30884c33,b5863d0e-93b8-41eb-b237-b92ae20513c2
569,3,75,48a1b6eb-bac0-4fe8-8dc0-dbf56a49a771,394d1002-25e7-48e0-9c3d-0f0b97eddbae
570,18,17,c7f14ee0-3187-4d74-8849-714c10e168ba,b7878195-8d8a-439e-a3b7-fc766ceb62ba
571,8,13,c3681bad-d1a9-4cc4-8d26-b00e51c0c7ee,a22b928a-a5d6-4fe8-9f7a-fab531f9543f
572,30,13,dc883f1f-7e8f-40bf-a4b0-b41328c675b6,889f6174-2256-4747-9156-8d3a3b0f5406
573,31,97,68dc7343-9c24-4c9b-bd29-acae05bf399c,dd83a1b4-c569-47a6-a705-8d424dc91fa2
574,32,31,b21bcc31-0451-4f80-963f-3087de248f8a,11d27aee-b7ce-43ba-8ddb-5a10ae151f8e
575,33,15,8dbbc936-6d70-46c8-8573-c0ca8825329f,f4cc408a-6f4f-4ebe-87f4-1f6b93ec0bee
576,27,89,1be3c9a2-37b8-4e24-a360-c4c7cc7ff713,1aa40626-9d29-4a29-a815-7788529a3a74
577,17,89,d808ffd0-d467-4bcc-8449-9e748b4a04ce,a1316db2-ab92-4569-9538-bf63f43e6a0b
578,3,52,7e79d23c-8877-4200-aeee-35a5934db1df,c9943890-9047-4346-87b2-77ddbb997350
579,15,9,4ece87fd-d687-4fa1-a217-7822923a1ade,f609d6d9-d7fa-4f5b-9dec-d4f016d1fa48
580,7,92,98811bfd-37d0-4895-bbeb-e8235602abbd,3c0effcc-e964-4631-975a-921cc9cda9d5
581,34,49,cebefc0d-2fb9-4e91-94fe-2fb720e8f058,25615e8c-ea06-491e-bcdf-9865bdd7e5ac
582,27,88,ff32be02-476b-4616-9dbd-78dd6f3d928b,0d770726-de32-4072-b9d1-87da26be6d42
583,17,71,b7ae2648-bc18-4b26-87cf-8f68b75a7888,f583d462-eb6a-416a-9c1a-98f496525d88
584,35,95,11382b86-0769-4f6e-afea-c921397a444a,71f7be6f-ae6a-4232-ad7a-78c3cb77c754
585,27,42,68da2756-09f4-49fa-b3d9-f6b8798da0ac,a8ffbfd5-dc8b-4ec3-b2bf-c99649303da2
586,19,49,6656251a-ca70-401b-9dc1-5b5d892ea630,d60fa858-eea6-4807-a25d-638bd793a0a1
587,36,67,5ebd7a1c-2d62-406e-b2b4-c250625e6287,8397177a-86f1-4da9-802c-e3866867ac94
588,37,80,8d73d024-6813-44e6-93f2-9ee8cb20718f,fbd86280-4d9c-4c94-a886-8c7046f715b7
589,21,86,0095d8da-3246-4f33-b76d-990b5ac46dc9,c4c7595f-4d8f-4aaf-b7eb-b1437008ff31
590,3,50,02e5081e-abf3-4e23-a9ef-47b0949f31b9,c84a77f1-94e7-45e4-b187-640aaa465ca0
591,38,46,44080c04-3ad0-43bb-a40d-d37e35e032f2,eed45163-9a39-4b1c-8b88-45ec4eb9b6ce
592,22,92,a6174fda-397f-4e9a-9fed-75166bca2c16,0d8f57e2-cd6a-4e9d-8f16-45723b54be73
593,39,78,52075ab4-f664-416f-b583-a366b168bc5e,0f4d47b0-f097-4966-9f29-78415e2e9e7c
594,40,60,43e66a58-b6ef-40da-ac74-6516dd0d6830,922e8e10-7ca8-4c94-b1e5-0249db05a8c1
595,13,99,e2055730-995c-4180-894f-116aec59bbab,4ab87e71-14af-4e71-9929-36a226282246
596,24,98,8826333b-cf1f-44ee-98db-cc159e5afa5f,d672e1cf-afe7-43ab-8c37-5494c5865529
597,41,93,80c0f4e4-3001-4983-91a9-44b1742e6f6b,ceb2015f-39cc-405b-b5d5-85689389a990
598,7,61,4684e7d3-c044-4a98-80e9-5f43e9ff23d3,9db9f884-b940-428b-b57d-f019859cfbce
599,23,21,dc85afa8-4888-4e1f-8cdd-470879901108,1ceb1c5d-ec87-43b9-9a8c-2731f3fbd1e2
600,11,9,d7739dfe-596f-4527-a0ae-83a5b2f32b0d,2d1ab995-977f-4f05-a5e0-80f9d2e8fff7
601,3,99,f933a1d6-0b38-427a-9fd0-297d8eb94918,6d5ea524-75df-4404-b07b-0df1a9cd0121
602,39,45,c2503d64-0050-4d35-822c-6a540272fe1a,0f8c5154-7f7b-46ab-ad4d-d5c993e2c84e
603,7,21,89a6aaff-4a87-400f-915f-9e6f2d263a32,9a614d0d-12bc-4de7-84da-5def82a15c74
604,35,41,5edca4f4-c65a-4936-8c63-0694ba8245cb,fedd55d5-e1cc-42d4-9a14-c36ba242f32d
605,31,38,125958b0-d8fd-4dcb-826b-a5f8f39a9956,dd93f3be-7e31-4600-bfab-eab48fac2e30
606,7,88,2581514a-9e27-4d03-9943-478f2e059151,0c64ec45-1b2c-46a6-a3b8-8b1f9987b8c1
607,17,88,22b17302-3ea2-4bf4-b5a9-50b4efd0bbc7,990c258c-276b-4e97-8ea8-a6eeb127377b
608,27,41,c47b1521-0d18-410e-908b-780e91a78118,cf4386a1-9272-4141-884a-089164d72923
609,17,17,f473d983-eb17-4b62-85fd-76b31540e41d,8ee29392-1b02-4940-801e-3d27c5c0e885
610,6,21,af1a5839-9736-4c7d-b48c-8c3c560bbf02,cdcac61f-a48e-4de5-bdd6-f6e733716395
611,42,75,39053f90-0c8f-4e5e-b8b2-4b51c82d7014,5ee93361-df63-45cf-84ea-8102ce020bd5
612,40,8,d45c1fc9-2b06-4a2b-9625-7a8bda5b2be7,f9bc33c3-399c-497c-9587-59194f9c2bcf
613,37,42,b7392abc-151f-43fe-97d8-aee98f46f246,cf05fc39-3809-47b1-bf2b-3fb743493575
614,28,90,ff60676a-e25d-4628-84e9-203c98225944,1a8d7f91-898e-4c9b-9ea3-96b57d6c1c3c
615,42,80,bad8935d-55aa-49aa-81d9-d42c3410b108,1b9491ef-60f8-480e-b063-060029f6532c
616,41,61,0338aff7-ed92-4128-9957-24e109b1aa5b,bc0dc730-aab8-4fb1-94ef-24350c6cd850
617,39,87,7d12aa83-b1c4-4c6c-a3e6-b7cd6f26498c,3ebbac00-534f-4c13-bef0-4b495a264851
618,21,87,72ea2fbd-b7e1-4c61-8292-a8924d6ee8f0,f87b387f-3709-4406-9839-5045631bd4e4
619,9,14,a3e21e04-b65b-47da-845a-4cdaf559f5f2,4c4721d5-eabb-44c6-83a2-5b8ea7039e69
620,17,55,e2ee7c06-c34e-42e7-8e35-055953addca3,9f129880-ede4-4c4d-adbe-c0d04e75cf1c
621,7,41,aa0823cf-e8a7-4500-934a-b18b42036d2e,b971a15c-87ef-4e79-814d-228534ad2c1a
622,13,44,a7523398-8ffe-49bb-bec2-ba85709bd3d9,97fab43b-c89a-459c-a700-e5bb645fb557
623,3,70,e9bee4c1-c56a-4e8e-8e91-79d8f6a98b5b,82982f6a-bf45-443f-84f2-47f9f78fdce9
624,17,43,d7d52dc6-d13e-4a07-aa6a-934642b20473,b4c2d12a-b9fa-4143-b411-69032cdd5927
625,9,16,d247fff7-d785-4593-aad9-ddb3f6d0a809,640beb45-2e69-4ff4-b01c-37cd9c0c2427
626,43,25,e92bc306-314e-4853-8728-0107aa27b936,f94fbe6a-3f7a-4141-8405-9748f55ac880
627,14,26,333bc679-0295-49cd-ad2e-cbb89a65bd99,b6acb8d3-1efd-4496-b0e7-5f2d4be9ff45
628,25,40,b7f83fe7-6ae2-4e75-81e1-8440d26778c2,d72c004c-6999-4ffb-b291-1bd581c65d95
629,9,42,d26316d2-19e2-45c0-9ada-b92ba56a4da2,3343a3b9-be11-4276-bca9-d7f4dd0b40aa
630,6,84,b65da068-cfdf-4247-84db-91232e610217,d74dc441-1948-4ba8-aeef-843bd074e246
631,35,14,fc629195-daf2-465a-91bd-330719735bb1,60df7002-bc50-4357-8014-02e42f5a5ab6
632,36,25,ee0f4141-13ad-4289-a414-f1756a5748ef,3264f6eb-ce55-44da-845b-32cbf99da950
633,44,39,c6d4e9d1-45a7-4948-9ec6-be687c4b8bba,fdc68f90-b2e4-483b-985d-b237467e8d9a
634,7,16,bad3d1a2-b14d-4efa-8f81-5270ee921ae6,d7a8eb36-e00d-484f-b21e-a2ab742f8a2a
635,14,95,d2ee1b75-2218-4753-9487-dcca23d667c6,0a994581-341f-43bf-979d-ece1e58de7ec
636,10,54,6a6d3fce-c5aa-4154-a6a3-b56cb41f709f,403bf915-a897-4918-933b-3996e144e960
637,11,20,b19cec0d-357e-4c6b-9257-8be52b1c71b5,d3b17672-60fb-443f-a047-2c379132dcb1
638,22,7,d2a2460e-00d1-41f2-84cc-eba01eb88d75,b9f78d5b-79ae-441e-9dbf-592767af34a5
639,20,35,75891066-59b4-437b-951f-ec553fb26b94,28fff0d2-38ea-40a7-b2ef-c2a2f7e69370
640,2,59,d5566b15-b071-4acf-8e8e-c98433083b2d,50d33715-4c77-4dd9-8b9d-ff1ca372a2a2
641,3,28,c42f0de8-b4f0-4167-abd1-ae79e5e18eea,172eb8f3-1033-4fb6-b66b-d0df09df3161
642,4,63,b145f396-de9b-42f1-9cc9-f5b52c3a941c,65e4544d-42ae-4751-9580-bdcb90e5fcda
643,5,47,f4372224-759f-43b3-bc83-ca6106bba1af,745bee4e-710c-4538-8df1-5c146e1092a6
644,6,73,49d0edae-9091-41bb-a08d-ab1c66bd08d5,425b7a1a-b744-4c6b-898e-d424dd8cf18e
645,7,35,b26d55e2-eb75-4bce-89cf-5cee095eaeea,0495233b-9470-4e1a-bb30-a1ee3150c092
646,8,5,6ae04f04-85df-4b89-b057-5cb0459baab7,b0fcee8c-9047-405c-8316-28a38292be9d
647,9,85,9a6ee454-f8ca-4a5a-b751-402ce8257b5b,5958bf67-e190-4171-91eb-298b69c89282
648,10,34,84003744-296e-4294-86a3-8a96439d4ee8,d15bcc56-8948-4c3d-98ae-925d64b3f539
649,11,88,b23deb12-0dc3-40c3-889c-8e8d3206dc4a,a22439e8-7918-4cae-806a-9f6ae0de6828
650,12,72,7cd8ea7c-cea3-46fa-a913-724d59233a43,5f3d5c26-5d8b-4e48-88b0-b89d6aa5848d
651,13,15,446119d3-b86d-4648-93e1-7c9104fe6462,7486257f-61aa-4829-bafa-3d46366ce403
652,9,68,c42e63e2-e613-45df-9321-09c58bcedcf4,a3421fb8-ec22-489a-b8b2-8760a0474175
653,14,58,742df199-0e51-44d2-93ba-a5e3885d79ed,2aba8b17-dd45-46e7-84df-701e2f319c1b
654,15,40,c32eed70-314d-4321-b3f3-ea6c673d1cd7,7563cab2-7380-4b36-a04a-624aa1cdb54c
655,11,71,2ba7bb1e-3a26-4638-850b-af1689dbf1f8,de08b73c-d432-4a4f-bb30-de1cecebb529
656,16,76,70aee49a-32ac-4b29-9f05-59de1c043a48,80aae915-f2ef-486d-b074-54106ac01532
657,17,82,fd861308-291c-435e-a11b-92cbba182fb4,c974d7dc-20af-4058-9383-01cdcd9494ad
658,18,58,6af1f98f-7555-430a-9d7f-d0f70f1b0a54,e7cb4714-32c9-476b-8af4-e994b391badc
659,19,83,73608d6a-cc61-4043-b95c-175ba478ba7c,0e00dc18-d5b9-4555-be83-cb7af77f2208
660,20,11,2316da83-4a83-497c-bdf4-55ca9e8cadb9,6d7f8b2b-42ae-4ff8-8183-26a3257a91a0
661,16,34,71a28ff5-ef5d-4279-b9b7-8afa7174f579,1e6c05e9-a48c-486c-8143-ed93c11c8b09
662,21,14,3f9c4c5a-b644-40ed-8c3e-4776bdcac303,ea316ba1-76cb-4139-b609-9c5a6d09563d
663,22,29,7103af48-0693-401e-a8a9-7063ff0d0722,7bd51828-f481-41de-97ac-8712792b2e57
664,23,31,fb374a17-e2b4-4274-b777-a09cccc8dc7b,f3a36c1d-ff0a-4ee8-b55b-7d43e8e7a73d
665,24,57,eea522eb-17c1-42e2-8e33-c33710b7d329,681aa23a-70ea-4b69-babb-3d14009779b3
666,25,38,23924ca0-acae-4a6a-aa64-8d47b169f078,69542d28-1cc7-439e-abfd-de0ea90636fb
667,16,48,6307c024-1705-4508-b05f-ac96dba72fca,73511170-19d5-4686-96d7-1dedcc3cb5cf
668,26,93,9b878a0f-d9e2-47be-bfd2-2fc381dba95a,aeda3a81-6cc3-4f26-8d5d-3abc117f4866
669,27,82,458efede-2515-46b3-87a4-9fd49e2d711b,b551ee49-8095-4c62-9876-409c029fd625
670,2,46,a8420740-3acf-4f09-8564-b2c1182b2299,dc95916d-7a45-4bb5-859c-3f2d5ad8ab14
671,5,8,42929165-b971-4546-b882-8f90e59c3e0f,53ff8d36-3cbd-47a4-9fd5-738e3b547fd7
672,19,77,53cfa054-aabc-41b6-a357-af13f2dc5770,75a59dfe-7946-4f3e-baaa-bcdf8e9a3026
673,28,70,7b346de1-fe35-4204-93d2-0cb2600b4213,0d9a9d9f-f2ea-43a0-8289-51baed42f345
674,18,71,eb1d7193-5c90-4fcf-b41b-a6a3d5f925df,3ff2bcdb-6959-44ca-b3f5-d386e1b2144b
675,24,52,f47e4ef6-e326-433f-884c-a3802095a502,a2079d4b-3e83-46b1-a176-ea43e2b931d7
676,15,52,a0d5e405-23fc-4c24-8c7f-bd0b40b3b724,a23f6c7b-888e-4fac-ae5a-1cb2a2ffcbc0
677,29,62,2ea0f049-e73e-4506-805c-4f12b4a7810b,ad4c02d5-62ae-4ddd-8df2-0a4566b4defe
678,19,23,6820af07-1d42-417d-97a3-176e30884c33,b5863d0e-93b8-41eb-b237-b92ae20513c2
679,3,75,48a1b6eb-bac0-4fe8-8dc0-dbf56a49a771,394d1002-25e7-48e0-9c3d-0f0b97eddbae
680,18,17,c7f14ee0-3187-4d74-8849-714c10e168ba,b7878195-8d8a-439e-a3b7-fc766ceb62ba
681,8,13,c3681bad-d1a9-4cc4-8d26-b00e51c0c7ee,a22b928a-a5d6-4fe8-9f7a-fab531f9543f
682,30,13,dc883f1f-7e8f-40bf-a4b0-b41328c675b6,889f6174-2256-4747-9156-8d3a3b0f5406
683,31,97,68dc7343-9c24-4c9b-bd29-acae05bf399c,dd83a1b4-c569-47a6-a705-8d424dc91fa2
684,32,31,b21bcc31-0451-4f80-963f-3087de248f8a,11d27aee-b7ce-43ba-8ddb-5a10ae151f8e
685,33,15,8dbbc936-6d70-46c8-8573-c0ca8825329f,f4cc408a-6f4f-4ebe-87f4-1f6b93ec0bee
686,27,89,1be3c9a2-37b8-4e24-a360-c4c7cc7ff713,1aa40626-9d29-4a29-a815-7788529a3a74
687,17,89,d808ffd0-d467-4bcc-8449-9e748b4a04ce,a1316db2-ab92-4569-9538-bf63f43e6a0b
688,3,52,7e79d23c-8877-4200-aeee-35a5934db1df,c9943890-9047-4346-87b2-77ddbb997350
689,15,9,4ece87fd-d687-4fa1-a217-7822923a1ade,f609d6d9-d7fa-4f5b-9dec-d4f016d1fa48
690,7,92,98811bfd-37d0-4895-bbeb-e8235602abbd,3c0effcc-e964-4631-975a-921cc9cda9d5
691,34,49,cebefc0d-2fb9-4e91-94fe-2fb720e8f058,25615e8c-ea06-491e-bcdf-9865bdd7e5ac
692,27,88,ff32be02-476b-4616-9dbd-78dd6f3d928b,0d770726-de32-4072-b9d1-87da26be6d42
693,17,71,b7ae2648-bc18-4b26-87cf-8f68b75a7888,f583d462-eb6a-416a-9c1a-98f496525d88
694,35,95,11382b86-0769-4f6e-afea-c921397a444a,71f7be6f-ae6a-4232-ad7a-78c3cb77c754
695,27,42,68da2756-09f4-49fa-b3d9-f6b8798da0ac,a8ffbfd5-dc8b-4ec3-b2bf-c99649303da2
696,19,49,6656251a-ca70-401b-9dc1-5b5d892ea630,d60fa858-eea6-4807-a25d-638bd793a0a1
697,36,67,5ebd7a1c-2d62-406e-b2b4-c250625e6287,8397177a-86f1-4da9-802c-e3866867ac94
698,37,80,8d73d024-6813-44e6-93f2-9ee8cb20718f,fbd86280-4d9c-4c94-a886-8c7046f715b7
699,21,86,0095d8da-3246-4f33-b76d-990b5ac46dc9,c4c7595f-4d8f-4aaf-b7eb-b1437008ff31
700,3,50,02e5081e-abf3-4e23-a9ef-47b0949f31b9,c84a77f1-94e7-45e4-b187-640aaa465ca0
701,38,46,44080c04-3ad0-43bb-a40d-d37e35e032f2,eed45163-9a39-4b1c-8b88-45ec4eb9b6ce
702,22,92,a6174fda-397f-4e9a-9fed-75166bca2c16,0d8f57e2-cd6a-4e9d-8f16-45723b54be73
703,39,78,52075ab4-f664-416f-b583-a366b168bc5e,0f4d47b0-f097-4966-9f29-78415e2e9e7c
704,40,60,43e66a58-b6ef-40da-ac74-6516dd0d6830,922e8e10-7ca8-4c94-b1e5-0249db05a8c1
705,13,99,e2055730-995c-4180-894f-116aec59bbab,4ab87e71-14af-4e71-9929-36a226282246
706,24,98,8826333b-cf1f-44ee-98db-cc159e5afa5f,d672e1cf-afe7-43ab-8c37-5494c5865529
707,41,93,80c0f4e4-3001-4983-91a9-44b1742e6f6b,ceb2015f-39cc-405b-b5d5-85689389a990
708,7,61,4684e7d3-c044-4a98-80e9-5f43e9ff23d3,9db9f884-b940-428b-b57d-f019859cfbce
709,23,21,dc85afa8-4888-4e1f-8cdd-470879901108,1ceb1c5d-ec87-43b9-9a8c-2731f3fbd1e2
710,11,9,d7739dfe-596f-4527-a0ae-83a5b2f32b0d,2d1ab995-977f-4f05-a5e0-80f9d2e8fff7
711,3,99,f933a1d6-0b38-427a-9fd0-297d8eb94918,6d5ea524-75df-4404-b07b-0df1a9cd0121
712,39,45,c2503d64-0050-4d35-822c-6a540272fe1a,0f8c5154-7f7b-46ab-ad4d-d5c993e2c84e
713,7,21,89a6aaff-4a87-400f-915f-9e6f2d263a32,9a614d0d-12bc-4de7-84da-5def82a15c74
714,35,41,5edca4f4-c65a-4936-8c63-0694ba8245cb,fedd55d5-e1cc-42d4-9a14-c36ba242f32d
715,31,38,125958b0-d8fd-4dcb-826b-a5f8f39a9956,dd93f3be-7e31-4600-bfab-eab48fac2e30
716,7,88,2581514a-9e27-4d03-9943-478f2e059151,0c64ec45-1b2c-46a6-a3b8-8b1f9987b8c1
717,17,88,22b17302-3ea2-4bf4-b5a9-50b4efd0bbc7,990c258c-276b-4e97-8ea8-a6eeb127377b
718,27,41,c47b1521-0d18-410e-908b-780e91a78118,cf4386a1-9272-4141-884a-089164d72923
719,17,17,f473d983-eb17-4b62-85fd-76b31540e41d,8ee29392-1b02-4940-801e-3d27c5c0e885
720,6,21,af1a5839-9736-4c7d-b48c-8c3c560bbf02,cdcac61f-a48e-4de5-bdd6-f6e733716395
721,42,75,39053f90-0c8f-4e5e-b8b2-4b51c82d7014,5ee93361-df63-45cf-84ea-8102ce020bd5
722,40,8,d45c1fc9-2b06-4a2b-9625-7a8bda5b2be7,f9bc33c3-399c-497c-9587-59194f9c2bcf
723,37,42,b7392abc-151f-43fe-97d8-aee98f46f246,cf05fc39-3809-47b1-bf2b-3fb743493575
724,28,90,ff60676a-e25d-4628-84e9-203c98225944,1a8d7f91-898e-4c9b-9ea3-96b57d6c1c3c
725,42,80,bad8935d-55aa-49aa-81d9-d42c3410b108,1b9491ef-60f8-480e-b063-060029f6532c
726,41,61,0338aff7-ed92-4128-9957-24e109b1aa5b,bc0dc730-aab8-4fb1-94ef-24350c6cd850
727,39,87,7d12aa83-b1c4-4c6c-a3e6-b7cd6f26498c,3ebbac00-534f-4c13-bef0-4b495a264851
728,21,87,72ea2fbd-b7e1-4c61-8292-a8924d6ee8f0,f87b387f-3709-4406-9839-5045631bd4e4
729,9,14,a3e21e04-b65b-47da-845a-4cdaf559f5f2,4c4721d5-eabb-44c6-83a2-5b8ea7039e69
730,17,55,e2ee7c06-c34e-42e7-8e35-055953addca3,9f129880-ede4-4c4d-adbe-c0d04e75cf1c
731,7,41,aa0823cf-e8a7-4500-934a-b18b42036d2e,b971a15c-87ef-4e79-814d-228534ad2c1a
732,13,44,a7523398-8ffe-49bb-bec2-ba85709bd3d9,97fab43b-c89a-459c-a700-e5bb645fb557
733,3,70,e9bee4c1-c56a-4e8e-8e91-79d8f6a98b5b,82982f6a-bf45-443f-84f2-47f9f78fdce9
734,17,43,d7d52dc6-d13e-4a07-aa6a-934642b20473,b4c2d12a-b9fa-4143-b411-69032cdd5927
735,9,16,d247fff7-d785-4593-aad9-ddb3f6d0a809,640beb45-2e69-4ff4-b01c-37cd9c0c2427
736,43,25,e92bc306-314e-4853-8728-0107aa27b936,f94fbe6a-3f7a-4141-8405-9748f55ac880
737,14,26,333bc679-0295-49cd-ad2e-cbb89a65bd99,b6acb8d3-1efd-4496-b0e7-5f2d4be9ff45
738,25,40,b7f83fe7-6ae2-4e75-81e1-8440d26778c2,d72c004c-6999-4ffb-b291-1bd581c65d95
739,9,42,d26316d2-19e2-45c0-9ada-b92ba56a4da2,3343a3b9-be11-4276-bca9-d7f4dd0b40aa
740,6,84,b65da068-cfdf-4247-84db-91232e610217,d74dc441-1948-4ba8-aeef-843bd074e246
741,35,14,fc629195-daf2-465a-91bd-330719735bb1,60df7002-bc50-4357-8014-02e42f5a5ab6
742,36,25,ee0f4141-13ad-4289-a414-f1756a5748ef,3264f6eb-ce55-44da-845b-32cbf99da950
743,44,39,c6d4e9d1-45a7-4948-9ec6-be687c4b8bba,fdc68f90-b2e4-483b-985d-b237467e8d9a
744,7,16,bad3d1a2-b14d-4efa-8f81-5270ee921ae6,d7a8eb36-e00d-484f-b21e-a2ab742f8a2a
745,14,95,d2ee1b75-2218-4753-9487-dcca23d667c6,0a994581-341f-43bf-979d-ece1e58de7ec
746,10,54,6a6d3fce-c5aa-4154-a6a3-b56cb41f709f,403bf915-a897-4918-933b-3996e144e960
747,11,20,b19cec0d-357e-4c6b-9257-8be52b1c71b5,d3b17672-60fb-443f-a047-2c379132dcb1
748,22,7,d2a2460e-00d1-41f2-84cc-eba01eb88d75,b9f78d5b-79ae-441e-9dbf-592767af34a5
749,20,35,75891066-59b4-437b-951f-ec553fb26b94,28fff0d2-38ea-40a7-b2ef-c2a2f7e69370
750,29,2,bb53f18b-e3c5-48c1-900e-e8ed623ca467,1add84b7-14f5-4857-903b-578408246946
751,44,4,bb53f18b-e3c5-48c1-900e-e8ed623ca467,1add84b7-14f5-4857-903b-578408246946
752,13,2,bb53f18b-e3c5-48c1-900e-e8ed623ca467,1add84b7-14f5-4857-903b-578408246946
753,18,2,5d64f731-cb01-4992-a27c-a6e1342f4913,d57d76d8-7dca-4ee4-84c0-1745fb4c8779
754,15,1,5d64f731-cb01-4992-a27c-a6e1342f4913,d57d76d8-7dca-4ee4-84c0-1745fb4c8779
755,16,3,5d64f731-cb01-4992-a27c-a6e1342f4913,d57d76d8-7dca-4ee4-84c0-1745fb4c8779
756,19,1,026ffd7c-cff2-4daa-ae76-6768d3283861,d33a7b5d-15e5-4ba6-93ef-136bbcbf4946
757,34,4,026ffd7c-cff2-4daa-ae76-6768d3283861,d33a7b5d-15e5-4ba6-93ef-136bbcbf4946
758,8,1,c42221be-4851-42df-9184-1b4f96962bb7,134fb73e-fc99-41e4-92c4-6ecbada5574f
759,44,4,c42221be-4851-42df-9184-1b4f96962bb7,134fb73e-fc99-41e4-92c4-6ecbada5574f
760,23,3,c42221be-4851-42df-9184-1b4f96962bb7,134fb73e-fc99-41e4-92c4-6ecbada5574f
761,8,1,57001f3e-d6be-4031-9295-a6b208c0ad46,49714439-c858-4e61-b7c6-f4d4c848c46b
762,42,3,950db98c-fb0f-4b78-bbee-bf9ae97faeca,5b9e2a68-7967-46e0-8e35-bc993a1f07e6
763,19,5,950db98c-fb0f-4b78-bbee-bf9ae97faeca,5b9e2a68-7967-46e0-8e35-bc993a1f07e6
764,24,1,cd140190-a53b-4660-a5b4-cc844a6506f0,89ba200c-ca90-443a-b64f-397bce091eae
765,35,4,cd140190-a53b-4660-a5b4-cc844a6506f0,89ba200c-ca90-443a-b64f-397bce091eae
766,2,4,cd140190-a53b-4660-a5b4-cc844a6506f0,89ba200c-ca90-443a-b64f-397bce091eae
767,35,2,bb75bf7d-c008-4267-bf92-6089cff5fe56,5e9405de-a078-4b00-99c6-96564568b63c
768,19,3,bb75bf7d-c008-4267-bf92-6089cff5fe56,5e9405de-a078-4b00-99c6-96564568b63c
769,45,3,c6addf8b-eea6-43b8-9040-b5620b1a0d99,7aebe820-8478-4a29-a606-7c59af677e24
770,2,3,c6addf8b-eea6-43b8-9040-b5620b1a0d99,7aebe820-8478-4a29-a606-7c59af677e24
771,20,3,f156fb67-e7e7-448c-b9c3-0b5f0425d134,2ba952cd-d5bf-4bb4-96fe-02fd4e166d12
772,10,2,f156fb67-e7e7-448c-b9c3-0b5f0425d134,2ba952cd-d5bf-4bb4-96fe-02fd4e166d12
773,36,2,f04f3daf-8ede-4787-a3ad-6ff06274229d,130208de-fef4-46cd-8b9b-1ea5b939895b
774,42,1,372fd2b1-b2a7-4553-b6d7-426a1bc88e56,e34973c8-9ca9-4a06-b497-7a8b49625fc2
775,29,3,20efa3c2-c498-4908-8af4-f81c76781912,0167b0c3-60fd-4fbd-b378-fba0ceac39ff
776,26,3,20efa3c2-c498-4908-8af4-f81c76781912,0167b0c3-60fd-4fbd-b378-fba0ceac39ff
777,14,3,469d957f-28ef-4eac-956a-d2a42b06d3ab,fcadc756-61e9-41bb-871b-d3546c5aa981
778,21,2,469d957f-28ef-4eac-956a-d2a42b06d3ab,fcadc756-61e9-41bb-871b-d3546c5aa981
779,11,1,b377e5d5-563f-475d-8c6d-b9f85ad861fd,fa60bc82-665e-4fe0-8f1f-b8a7675c2e2a
780,35,4,b377e5d5-563f-475d-8c6d-b9f85ad861fd,fa60bc82-665e-4fe0-8f1f-b8a7675c2e2a
781,25,4,b377e5d5-563f-475d-8c6d-b9f85ad861fd,fa60bc82-665e-4fe0-8f1f-b8a7675c2e2a
782,23,2,c44107fb-70a4-4ff2-bedb-48b9ecfd3d6d,479bfe4c-7137-44dd-bb42-a4ab7900aa24
783,40,1,5158fc84-71e0-47a1-84e9-b3e446a391ae,76f02f30-28cd-4f15-88be-9c64860d1fce
784,41,3,5158fc84-71e0-47a1-84e9-b3e446a391ae,76f02f30-28cd-4f15-88be-9c64860d1fce
785,42,2,48c4ca28-4db8-420e-af57-241818a81194,dc042557-cbee-4743-9b72-2c0a34a99cc2
786,16,2,48c4ca28-4db8-420e-af57-241818a81194,dc042557-cbee-4743-9b72-2c0a34a99cc2
787,25,1,48c4ca28-4db8-420e-af57-241818a81194,dc042557-cbee-4743-9b72-2c0a34a99cc2
788,7,1,ee67c3b0-aa89-4b3b-8bbc-9d70695c132b,fa0ce0bb-b0d8-469d-8d42-e1153fc48272
789,19,2,ee67c3b0-aa89-4b3b-8bbc-9d70695c132b,fa0ce0bb-b0d8-469d-8d42-e1153fc48272
790,21,4,ee67c3b0-aa89-4b3b-8bbc-9d70695c132b,fa0ce0bb-b0d8-469d-8d42-e1153fc48272
791,20,1,abc09fec-2fa0-48f6-b7c4-913620785520,52479603-9957-4e4b-91eb-337c358d1755
792,6,4,abc09fec-2fa0-48f6-b7c4-913620785520,52479603-9957-4e4b-91eb-337c358d1755
793,46,3,abc09fec-2fa0-48f6-b7c4-913620785520,52479603-9957-4e4b-91eb-337c358d1755
794,2,59,d5566b15-b071-4acf-8e8e-c98433083b2d,50d33715-4c77-4dd9-8b9d-ff1ca372a2a2
795,3,28,c42f0de8-b4f0-4167-abd1-ae79e5e18eea,172eb8f3-1033-4fb6-b66b-d0df09df3161
796,4,63,b145f396-de9b-42f1-9cc9-f5b52c3a941c,65e4544d-42ae-4751-9580-bdcb90e5fcda
797,5,47,f4372224-759f-43b3-bc83-ca6106bba1af,745bee4e-710c-4538-8df1-5c146e1092a6
798,6,73,49d0edae-9091-41bb-a08d-ab1c66bd08d5,425b7a1a-b744-4c6b-898e-d424dd8cf18e
799,7,35,b26d55e2-eb75-4bce-89cf-5cee095eaeea,0495233b-9470-4e1a-bb30-a1ee3150c092
800,8,5,6ae04f04-85df-4b89-b057-5cb0459baab7,b0fcee8c-9047-405c-8316-28a38292be9d
801,9,85,9a6ee454-f8ca-4a5a-b751-402ce8257b5b,5958bf67-e190-4171-91eb-298b69c89282
802,10,34,84003744-296e-4294-86a3-8a96439d4ee8,d15bcc56-8948-4c3d-98ae-925d64b3f539
803,11,88,b23deb12-0dc3-40c3-889c-8e8d3206dc4a,a22439e8-7918-4cae-806a-9f6ae0de6828
804,12,72,7cd8ea7c-cea3-46fa-a913-724d59233a43,5f3d5c26-5d8b-4e48-88b0-b89d6aa5848d
805,13,15,446119d3-b86d-4648-93e1-7c9104fe6462,7486257f-61aa-4829-bafa-3d46366ce403
806,9,68,c42e63e2-e613-45df-9321-09c58bcedcf4,a3421fb8-ec22-489a-b8b2-8760a0474175
807,14,58,742df199-0e51-44d2-93ba-a5e3885d79ed,2aba8b17-dd45-46e7-84df-701e2f319c1b
808,15,40,c32eed70-314d-4321-b3f3-ea6c673d1cd7,7563cab2-7380-4b36-a04a-624aa1cdb54c
809,11,71,2ba7bb1e-3a26-4638-850b-af1689dbf1f8,de08b73c-d432-4a4f-bb30-de1cecebb529
810,16,76,70aee49a-32ac-4b29-9f05-59de1c043a48,80aae915-f2ef-486d-b074-54106ac01532
811,17,82,fd861308-291c-435e-a11b-92cbba182fb4,c974d7dc-20af-4058-9383-01cdcd9494ad
812,18,58,6af1f98f-7555-430a-9d7f-d0f70f1b0a54,e7cb4714-32c9-476b-8af4-e994b391badc
813,19,83,73608d6a-cc61-4043-b95c-175ba478ba7c,0e00dc18-d5b9-4555-be83-cb7af77f2208
814,20,11,2316da83-4a83-497c-bdf4-55ca9e8cadb9,6d7f8b2b-42ae-4ff8-8183-26a3257a91a0
815,16,34,71a28ff5-ef5d-4279-b9b7-8afa7174f579,1e6c05e9-a48c-486c-8143-ed93c11c8b09
816,21,14,3f9c4c5a-b644-40ed-8c3e-4776bdcac303,ea316ba1-76cb-4139-b609-9c5a6d09563d
817,22,29,7103af48-0693-401e-a8a9-7063ff0d0722,7bd51828-f481-41de-97ac-8712792b2e57
818,23,31,fb374a17-e2b4-4274-b777-a09cccc8dc7b,f3a36c1d-ff0a-4ee8-b55b-7d43e8e7a73d
819,24,57,eea522eb-17c1-42e2-8e33-c33710b7d329,681aa23a-70ea-4b69-babb-3d14009779b3
820,25,38,23924ca0-acae-4a6a-aa64-8d47b169f078,69542d28-1cc7-439e-abfd-de0ea90636fb
821,16,48,6307c024-1705-4508-b05f-ac96dba72fca,73511170-19d5-4686-96d7-1dedcc3cb5cf
822,26,93,9b878a0f-d9e2-47be-bfd2-2fc381dba95a,aeda3a81-6cc3-4f26-8d5d-3abc117f4866
823,27,82,458efede-2515-46b3-87a4-9fd49e2d711b,b551ee49-8095-4c62-9876-409c029fd625
824,2,46,a8420740-3acf-4f09-8564-b2c1182b2299,dc95916d-7a45-4bb5-859c-3f2d5ad8ab14
825,5,8,42929165-b971-4546-b882-8f90e59c3e0f,53ff8d36-3cbd-47a4-9fd5-738e3b547fd7
826,19,77,53cfa054-aabc-41b6-a357-af13f2dc5770,75a59dfe-7946-4f3e-baaa-bcdf8e9a3026
827,28,70,7b346de1-fe35-4204-93d2-0cb2600b4213,0d9a9d9f-f2ea-43a0-8289-51baed42f345
828,18,71,eb1d7193-5c90-4fcf-b41b-a6a3d5f925df,3ff2bcdb-6959-44ca-b3f5-d386e1b2144b
829,24,52,f47e4ef6-e326-433f-884c-a3802095a502,a2079d4b-3e83-46b1-a176-ea43e2b931d7
830,15,52,a0d5e405-23fc-4c24-8c7f-bd0b40b3b724,a23f6c7b-888e-4fac-ae5a-1cb2a2ffcbc0
831,29,62,2ea0f049-e73e-4506-805c-4f12b4a7810b,ad4c02d5-62ae-4ddd-8df2-0a4566b4defe
832,19,23,6820af07-1d42-417d-97a3-176e30884c33,b5863d0e-93b8-41eb-b237-b92ae20513c2
833,3,75,48a1b6eb-bac0-4fe8-8dc0-dbf56a49a771,394d1002-25e7-48e0-9c3d-0f0b97eddbae
834,18,17,c7f14ee0-3187-4d74-8849-714c10e168ba,b7878195-8d8a-439e-a3b7-fc766ceb62ba
835,8,13,c3681bad-d1a9-4cc4-8d26-b00e51c0c7ee,a22b928a-a5d6-4fe8-9f7a-fab531f9543f
836,30,13,dc883f1f-7e8f-40bf-a4b0-b41328c675b6,889f6174-2256-4747-9156-8d3a3b0f5406
837,31,97,68dc7343-9c24-4c9b-bd29-acae05bf399c,dd83a1b4-c569-47a6-a705-8d424dc91fa2
838,32,31,b21bcc31-0451-4f80-963f-3087de248f8a,11d27aee-b7ce-43ba-8ddb-5a10ae151f8e
839,33,15,8dbbc936-6d70-46c8-8573-c0ca8825329f,f4cc408a-6f4f-4ebe-87f4-1f6b93ec0bee
840,27,89,1be3c9a2-37b8-4e24-a360-c4c7cc7ff713,1aa40626-9d29-4a29-a815-7788529a3a74
841,17,89,d808ffd0-d467-4bcc-8449-9e748b4a04ce,a1316db2-ab92-4569-9538-bf63f43e6a0b
842,3,52,7e79d23c-8877-4200-aeee-35a5934db1df,c9943890-9047-4346-87b2-77ddbb997350
843,15,9,4ece87fd-d687-4fa1-a217-7822923a1ade,f609d6d9-d7fa-4f5b-9dec-d4f016d1fa48
844,7,92,98811bfd-37d0-4895-bbeb-e8235602abbd,3c0effcc-e964-4631-975a-921cc9cda9d5
845,34,49,cebefc0d-2fb9-4e91-94fe-2fb720e8f058,25615e8c-ea06-491e-bcdf-9865bdd7e5ac
846,27,88,ff32be02-476b-4616-9dbd-78dd6f3d928b,0d770726-de32-4072-b9d1-87da26be6d42
847,17,71,b7ae2648-bc18-4b26-87cf-8f68b75a7888,f583d462-eb6a-416a-9c1a-98f496525d88
848,35,95,11382b86-0769-4f6e-afea-c921397a444a,71f7be6f-ae6a-4232-ad7a-78c3cb77c754
849,27,42,68da2756-09f4-49fa-b3d9-f6b8798da0ac,a8ffbfd5-dc8b-4ec3-b2bf-c99649303da2
850,19,49,6656251a-ca70-401b-9dc1-5b5d892ea630,d60fa858-eea6-4807-a25d-638bd793a0a1
851,36,67,5ebd7a1c-2d62-406e-b2b4-c250625e6287,8397177a-86f1-4da9-802c-e3866867ac94
852,37,80,8d73d024-6813-44e6-93f2-9ee8cb20718f,fbd86280-4d9c-4c94-a886-8c7046f715b7
853,21,86,0095d8da-3246-4f33-b76d-990b5ac46dc9,c4c7595f-4d8f-4aaf-b7eb-b1437008ff31
854,3,50,02e5081e-abf3-4e23-a9ef-47b0949f31b9,c84a77f1-94e7-45e4-b187-640aaa465ca0
855,38,46,44080c04-3ad0-43bb-a40d-d37e35e032f2,eed45163-9a39-4b1c-8b88-45ec4eb9b6ce
856,22,92,a6174fda-397f-4e9a-9fed-75166bca2c16,0d8f57e2-cd6a-4e9d-8f16-45723b54be73
857,39,78,52075ab4-f664-416f-b583-a366b168bc5e,0f4d47b0-f097-4966-9f29-78415e2e9e7c
858,40,60,43e66a58-b6ef-40da-ac74-6516dd0d6830,922e8e10-7ca8-4c94-b1e5-0249db05a8c1
859,13,99,e2055730-995c-4180-894f-116aec59bbab,4ab87e71-14af-4e71-9929-36a226282246
860,24,98,8826333b-cf1f-44ee-98db-cc159e5afa5f,d672e1cf-afe7-43ab-8c37-5494c5865529
861,41,93,80c0f4e4-3001-4983-91a9-44b1742e6f6b,ceb2015f-39cc-405b-b5d5-85689389a990
862,7,61,4684e7d3-c044-4a98-80e9-5f43e9ff23d3,9db9f884-b940-428b-b57d-f019859cfbce
863,23,21,dc85afa8-4888-4e1f-8cdd-470879901108,1ceb1c5d-ec87-43b9-9a8c-2731f3fbd1e2
864,11,9,d7739dfe-596f-4527-a0ae-83a5b2f32b0d,2d1ab995-977f-4f05-a5e0-80f9d2e8fff7
865,3,99,f933a1d6-0b38-427a-9fd0-297d8eb94918,6d5ea524-75df-4404-b07b-0df1a9cd0121
866,39,45,c2503d64-0050-4d35-822c-6a540272fe1a,0f8c5154-7f7b-46ab-ad4d-d5c993e2c84e
867,7,21,89a6aaff-4a87-400f-915f-9e6f2d263a32,9a614d0d-12bc-4de7-84da-5def82a15c74
868,35,41,5edca4f4-c65a-4936-8c63-0694ba8245cb,fedd55d5-e1cc-42d4-9a14-c36ba242f32d
869,31,38,125958b0-d8fd-4dcb-826b-a5f8f39a9956,dd93f3be-7e31-4600-bfab-eab48fac2e30
870,7,88,2581514a-9e27-4d03-9943-478f2e059151,0c64ec45-1b2c-46a6-a3b8-8b1f9987b8c1
871,17,88,22b17302-3ea2-4bf4-b5a9-50b4efd0bbc7,990c258c-276b-4e97-8ea8-a6eeb127377b
872,27,41,c47b1521-0d18-410e-908b-780e91a78118,cf4386a1-9272-4141-884a-089164d72923
873,17,17,f473d983-eb17-4b62-85fd-76b31540e41d,8ee29392-1b02-4940-801e-3d27c5c0e885
874,6,21,af1a5839-9736-4c7d-b48c-8c3c560bbf02,cdcac61f-a48e-4de5-bdd6-f6e733716395
875,42,75,39053f90-0c8f-4e5e-b8b2-4b51c82d7014,5ee93361-df63-45cf-84ea-8102ce020bd5
876,40,8,d45c1fc9-2b06-4a2b-9625-7a8bda5b2be7,f9bc33c3-399c-497c-9587-59194f9c2bcf
877,37,42,b7392abc-151f-43fe-97d8-aee98f46f246,cf05fc39-3809-47b1-bf2b-3fb743493575
878,28,90,ff60676a-e25d-4628-84e9-203c98225944,1a8d7f91-898e-4c9b-9ea3-96b57d6c1c3c
879,42,80,bad8935d-55aa-49aa-81d9-d42c3410b108,1b9491ef-60f8-480e-b063-060029f6532c
880,41,61,0338aff7-ed92-4128-9957-24e109b1aa5b,bc0dc730-aab8-4fb1-94ef-24350c6cd850
881,39,87,7d12aa83-b1c4-4c6c-a3e6-b7cd6f26498c,3ebbac00-534f-4c13-bef0-4b495a264851
882,21,87,72ea2fbd-b7e1-4c61-8292-a8924d6ee8f0,f87b387f-3709-4406-9839-5045631bd4e4
883,9,14,a3e21e04-b65b-47da-845a-4cdaf559f5f2,4c4721d5-eabb-44c6-83a2-5b8ea7039e69
884,17,55,e2ee7c06-c34e-42e7-8e35-055953addca3,9f129880-ede4-4c4d-adbe-c0d04e75cf1c
885,7,41,aa0823cf-e8a7-4500-934a-b18b42036d2e,b971a15c-87ef-4e79-814d-228534ad2c1a
886,13,44,a7523398-8ffe-49bb-bec2-ba85709bd3d9,97fab43b-c89a-459c-a700-e5bb645fb557
887,3,70,e9bee4c1-c56a-4e8e-8e91-79d8f6a98b5b,82982f6a-bf45-443f-84f2-47f9f78fdce9
888,17,43,d7d52dc6-d13e-4a07-aa6a-934642b20473,b4c2d12a-b9fa-4143-b411-69032cdd5927
889,9,16,d247fff7-d785-4593-aad9-ddb3f6d0a809,640beb45-2e69-4ff4-b01c-37cd9c0c2427
890,43,25,e92bc306-314e-4853-8728-0107aa27b936,f94fbe6a-3f7a-4141-8405-9748f55ac880
891,14,26,333bc679-0295-49cd-ad2e-cbb89a65bd99,b6acb8d3-1efd-4496-b0e7-5f2d4be9ff45
892,25,40,b7f83fe7-6ae2-4e75-81e1-8440d26778c2,d72c004c-6999-4ffb-b291-1bd581c65d95
893,9,42,d26316d2-19e2-45c0-9ada-b92ba56a4da2,3343a3b9-be11-4276-bca9-d7f4dd0b40aa
894,6,84,b65da068-cfdf-4247-84db-91232e610217,d74dc441-1948-4ba8-aeef-843bd074e246
895,35,14,fc629195-daf2-465a-91bd-330719735bb1,60df7002-bc50-4357-8014-02e42f5a5ab6
896,36,25,ee0f4141-13ad-4289-a414-f1756a5748ef,3264f6eb-ce55-44da-845b-32cbf99da950
897,44,39,c6d4e9d1-45a7-4948-9ec6-be687c4b8bba,fdc68f90-b2e4-483b-985d-b237467e8d9a
898,7,16,bad3d1a2-b14d-4efa-8f81-5270ee921ae6,d7a8eb36-e00d-484f-b21e-a2ab742f8a2a
899,14,95,d2ee1b75-2218-4753-9487-dcca23d667c6,0a994581-341f-43bf-979d-ece1e58de7ec
900,10,54,6a6d3fce-c5aa-4154-a6a3-b56cb41f709f,403bf915-a897-4918-933b-3996e144e960
901,11,20,b19cec0d-357e-4c6b-9257-8be52b1c71b5,d3b17672-60fb-443f-a047-2c379132dcb1
902,22,7,d2a2460e-00d1-41f2-84cc-eba01eb88d75,b9f78d5b-79ae-441e-9dbf-592767af34a5
903,20,35,75891066-59b4-437b-951f-ec553fb26b94,28fff0d2-38ea-40a7-b2ef-c2a2f7e69370
904,2,59,d5566b15-b071-4acf-8e8e-c98433083b2d,50d33715-4c77-4dd9-8b9d-ff1ca372a2a2
905,3,28,c42f0de8-b4f0-4167-abd1-ae79e5e18eea,172eb8f3-1033-4fb6-b66b-d0df09df3161
906,4,63,b145f396-de9b-42f1-9cc9-f5b52c3a941c,65e4544d-42ae-4751-9580-bdcb90e5fcda
907,5,47,f4372224-759f-43b3-bc83-ca6106bba1af,745bee4e-710c-4538-8df1-5c146e1092a6
908,6,73,49d0edae-9091-41bb-a08d-ab1c66bd08d5,425b7a1a-b744-4c6b-898e-d424dd8cf18e
909,7,35,b26d55e2-eb75-4bce-89cf-5cee095eaeea,0495233b-9470-4e1a-bb30-a1ee3150c092
910,8,5,6ae04f04-85df-4b89-b057-5cb0459baab7,b0fcee8c-9047-405c-8316-28a38292be9d
911,9,85,9a6ee454-f8ca-4a5a-b751-402ce8257b5b,5958bf67-e190-4171-91eb-298b69c89282
912,10,34,84003744-296e-4294-86a3-8a96439d4ee8,d15bcc56-8948-4c3d-98ae-925d64b3f539
913,11,88,b23deb12-0dc3-40c3-889c-8e8d3206dc4a,a22439e8-7918-4cae-806a-9f6ae0de6828
914,12,72,7cd8ea7c-cea3-46fa-a913-724d59233a43,5f3d5c26-5d8b-4e48-88b0-b89d6aa5848d
915,13,15,446119d3-b86d-4648-93e1-7c9104fe6462,7486257f-61aa-4829-bafa-3d46366ce403
916,9,68,c42e63e2-e613-45df-9321-09c58bcedcf4,a3421fb8-ec22-489a-b8b2-8760a0474175
917,14,58,742df199-0e51-44d2-93ba-a5e3885d79ed,2aba8b17-dd45-46e7-84df-701e2f319c1b
918,15,40,c32eed70-314d-4321-b3f3-ea6c673d1cd7,7563cab2-7380-4b36-a04a-624aa1cdb54c
919,11,71,2ba7bb1e-3a26-4638-850b-af1689dbf1f8,de08b73c-d432-4a4f-bb30-de1cecebb529
920,16,76,70aee49a-32ac-4b29-9f05-59de1c043a48,80aae915-f2ef-486d-b074-54106ac01532
921,17,82,fd861308-291c-435e-a11b-92cbba182fb4,c974d7dc-20af-4058-9383-01cdcd9494ad
922,18,58,6af1f98f-7555-430a-9d7f-d0f70f1b0a54,e7cb4714-32c9-476b-8af4-e994b391badc
923,19,83,73608d6a-cc61-4043-b95c-175ba478ba7c,0e00dc18-d5b9-4555-be83-cb7af77f2208
924,20,11,2316da83-4a83-497c-bdf4-55ca9e8cadb9,6d7f8b2b-42ae-4ff8-8183-26a3257a91a0
925,16,34,71a28ff5-ef5d-4279-b9b7-8afa7174f579,1e6c05e9-a48c-486c-8143-ed93c11c8b09
926,21,14,3f9c4c5a-b644-40ed-8c3e-4776bdcac303,ea316ba1-76cb-4139-b609-9c5a6d09563d
927,22,29,7103af48-0693-401e-a8a9-7063ff0d0722,7bd51828-f481-41de-97ac-8712792b2e57
928,23,31,fb374a17-e2b4-4274-b777-a09cccc8dc7b,f3a36c1d-ff0a-4ee8-b55b-7d43e8e7a73d
929,24,57,eea522eb-17c1-42e2-8e33-c33710b7d329,681aa23a-70ea-4b69-babb-3d14009779b3
930,25,38,23924ca0-acae-4a6a-aa64-8d47b169f078,69542d28-1cc7-439e-abfd-de0ea90636fb
931,16,48,6307c024-1705-4508-b05f-ac96dba72fca,73511170-19d5-4686-96d7-1dedcc3cb5cf
932,26,93,9b878a0f-d9e2-47be-bfd2-2fc381dba95a,aeda3a81-6cc3-4f26-8d5d-3abc117f4866
933,27,82,458efede-2515-46b3-87a4-9fd49e2d711b,b551ee49-8095-4c62-9876-409c029fd625
934,2,46,a8420740-3acf-4f09-8564-b2c1182b2299,dc95916d-7a45-4bb5-859c-3f2d5ad8ab14
935,5,8,42929165-b971-4546-b882-8f90e59c3e0f,53ff8d36-3cbd-47a4-9fd5-738e3b547fd7
936,19,77,53cfa054-aabc-41b6-a357-af13f2dc5770,75a59dfe-7946-4f3e-baaa-bcdf8e9a3026
937,28,70,7b346de1-fe35-4204-93d2-0cb2600b4213,0d9a9d9f-f2ea-43a0-8289-51baed42f345
938,18,71,eb1d7193-5c90-4fcf-b41b-a6a3d5f925df,3ff2bcdb-6959-44ca-b3f5-d386e1b2144b
939,24,52,f47e4ef6-e326-433f-884c-a3802095a502,a2079d4b-3e83-46b1-a176-ea43e2b931d7
940,15,52,a0d5e405-23fc-4c24-8c7f-bd0b40b3b724,a23f6c7b-888e-4fac-ae5a-1cb2a2ffcbc0
941,29,62,2ea0f049-e73e-4506-805c-4f12b4a7810b,ad4c02d5-62ae-4ddd-8df2-0a4566b4defe
942,19,23,6820af07-1d42-417d-97a3-176e30884c33,b5863d0e-93b8-41eb-b237-b92ae20513c2
943,3,75,48a1b6eb-bac0-4fe8-8dc0-dbf56a49a771,394d1002-25e7-48e0-9c3d-0f0b97eddbae
944,18,17,c7f14ee0-3187-4d74-8849-714c10e168ba,b7878195-8d8a-439e-a3b7-fc766ceb62ba
945,8,13,c3681bad-d1a9-4cc4-8d26-b00e51c0c7ee,a22b928a-a5d6-4fe8-9f7a-fab531f9543f
946,30,13,dc883f1f-7e8f-40bf-a4b0-b41328c675b6,889f6174-2256-4747-9156-8d3a3b0f5406
947,31,97,68dc7343-9c24-4c9b-bd29-acae05bf399c,dd83a1b4-c569-47a6-a705-8d424dc91fa2
948,32,31,b21bcc31-0451-4f80-963f-3087de248f8a,11d27aee-b7ce-43ba-8ddb-5a10ae151f8e
949,33,15,8dbbc936-6d70-46c8-8573-c0ca8825329f,f4cc408a-6f4f-4ebe-87f4-1f6b93ec0bee
950,27,89,1be3c9a2-37b8-4e24-a360-c4c7cc7ff713,1aa40626-9d29-4a29-a815-7788529a3a74
951,17,89,d808ffd0-d467-4bcc-8449-9e748b4a04ce,a1316db2-ab92-4569-9538-bf63f43e6a0b
952,3,52,7e79d23c-8877-4200-aeee-35a5934db1df,c9943890-9047-4346-87b2-77ddbb997350
953,15,9,4ece87fd-d687-4fa1-a217-7822923a1ade,f609d6d9-d7fa-4f5b-9dec-d4f016d1fa48
954,7,92,98811bfd-37d0-4895-bbeb-e8235602abbd,3c0effcc-e964-4631-975a-921cc9cda9d5
955,34,49,cebefc0d-2fb9-4e91-94fe-2fb720e8f058,25615e8c-ea06-491e-bcdf-9865bdd7e5ac
956,27,88,ff32be02-476b-4616-9dbd-78dd6f3d928b,0d770726-de32-4072-b9d1-87da26be6d42
957,17,71,b7ae2648-bc18-4b26-87cf-8f68b75a7888,f583d462-eb6a-416a-9c1a-98f496525d88
958,35,95,11382b86-0769-4f6e-afea-c921397a444a,71f7be6f-ae6a-4232-ad7a-78c3cb77c754
959,27,42,68da2756-09f4-49fa-b3d9-f6b8798da0ac,a8ffbfd5-dc8b-4ec3-b2bf-c99649303da2
960,19,49,6656251a-ca70-401b-9dc1-5b5d892ea630,d60fa858-eea6-4807-a25d-638bd793a0a1
961,36,67,5ebd7a1c-2d62-406e-b2b4-c250625e6287,8397177a-86f1-4da9-802c-e3866867ac94
962,37,80,8d73d024-6813-44e6-93f2-9ee8cb20718f,fbd86280-4d9c-4c94-a886-8c7046f715b7
963,21,86,0095d8da-3246-4f33-b76d-990b5ac46dc9,c4c7595f-4d8f-4aaf-b7eb-b1437008ff31
964,3,50,02e5081e-abf3-4e23-a9ef-47b0949f31b9,c84a77f1-94e7-45e4-b187-640aaa465ca0
965,38,46,44080c04-3ad0-43bb-a40d-d37e35e032f2,eed45163-9a39-4b1c-8b88-45ec4eb9b6ce
966,22,92,a6174fda-397f-4e9a-9fed-75166bca2c16,0d8f57e2-cd6a-4e9d-8f16-45723b54be73
967,39,78,52075ab4-f664-416f-b583-a366b168bc5e,0f4d47b0-f097-4966-9f29-78415e2e9e7c
968,40,60,43e66a58-b6ef-40da-ac74-6516dd0d6830,922e8e10-7ca8-4c94-b1e5-0249db05a8c1
969,13,99,e2055730-995c-4180-894f-116aec59bbab,4ab87e71-14af-4e71-9929-36a226282246
970,24,98,8826333b-cf1f-44ee-98db-cc159e5afa5f,d672e1cf-afe7-43ab-8c37-5494c5865529
971,41,93,80c0f4e4-3001-4983-91a9-44b1742e6f6b,ceb2015f-39cc-405b-b5d5-85689389a990
972,7,61,4684e7d3-c044-4a98-80e9-5f43e9ff23d3,9db9f884-b940-428b-b57d-f019859cfbce
973,23,21,dc85afa8-4888-4e1f-8cdd-470879901108,1ceb1c5d-ec87-43b9-9a8c-2731f3fbd1e2
974,11,9,d7739dfe-596f-4527-a0ae-83a5b2f32b0d,2d1ab995-977f-4f05-a5e0-80f9d2e8fff7
975,3,99,f933a1d6-0b38-427a-9fd0-297d8eb94918,6d5ea524-75df-4404-b07b-0df1a9cd0121
976,39,45,c2503d64-0050-4d35-822c-6a540272fe1a,0f8c5154-7f7b-46ab-ad4d-d5c993e2c84e
977,7,21,89a6aaff-4a87-400f-915f-9e6f2d263a32,9a614d0d-12bc-4de7-84da-5def82a15c74
978,35,41,5edca4f4-c65a-4936-8c63-0694ba8245cb,fedd55d5-e1cc-42d4-9a14-c36ba242f32d
979,31,38,125958b0-d8fd-4dcb-826b-a5f8f39a9956,dd93f3be-7e31-4600-bfab-eab48fac2e30
980,7,88,2581514a-9e27-4d03-9943-478f2e059151,0c64ec45-1b2c-46a6-a3b8-8b1f9987b8c1
981,17,88,22b17302-3ea2-4bf4-b5a9-50b4efd0bbc7,990c258c-276b-4e97-8ea8-a6eeb127377b
982,27,41,c47b1521-0d18-410e-908b-780e91a78118,cf4386a1-9272-4141-884a-089164d72923
983,17,17,f473d983-eb17-4b62-85fd-76b31540e41d,8ee29392-1b02-4940-801e-3d27c5c0e885
984,6,21,af1a5839-9736-4c7d-b48c-8c3c560bbf02,cdcac61f-a48e-4de5-bdd6-f6e733716395
985,42,75,39053f90-0c8f-4e5e-b8b2-4b51c82d7014,5ee93361-df63-45cf-84ea-8102ce020bd5
986,40,8,d45c1fc9-2b06-4a2b-9625-7a8bda5b2be7,f9bc33c3-399c-497c-9587-59194f9c2bcf
987,37,42,b7392abc-151f-43fe-97d8-aee98f46f246,cf05fc39-3809-47b1-bf2b-3fb743493575
988,28,90,ff60676a-e25d-4628-84e9-203c98225944,1a8d7f91-898e-4c9b-9ea3-96b57d6c1c3c
989,42,80,bad8935d-55aa-49aa-81d9-d42c3410b108,1b9491ef-60f8-480e-b063-060029f6532c
990,41,61,0338aff7-ed92-4128-9957-24e109b1aa5b,bc0dc730-aab8-4fb1-94ef-24350c6cd850
991,39,87,7d12aa83-b1c4-4c6c-a3e6-b7cd6f26498c,3ebbac00-534f-4c13-bef0-4b495a264851
992,21,87,72ea2fbd-b7e1-4c61-8292-a8924d6ee8f0,f87b387f-3709-4406-9839-5045631bd4e4
993,9,14,a3e21e04-b65b-47da-845a-4cdaf559f5f2,4c4721d5-eabb-44c6-83a2-5b8ea7039e69
994,17,55,e2ee7c06-c34e-42e7-8e35-055953addca3,9f129880-ede4-4c4d-adbe-c0d04e75cf1c
995,7,41,aa0823cf-e8a7-4500-934a-b18b42036d2e,b971a15c-87ef-4e79-814d-228534ad2c1a
996,13,44,a7523398-8ffe-49bb-bec2-ba85709bd3d9,97fab43b-c89a-459c-a700-e5bb645fb557
997,3,70,e9bee4c1-c56a-4e8e-8e91-79d8f6a98b5b,82982f6a-bf45-443f-84f2-47f9f78fdce9
998,17,43,d7d52dc6-d13e-4a07-aa6a-934642b20473,b4c2d12a-b9fa-4143-b411-69032cdd5927
999,9,16,d247fff7-d785-4593-aad9-ddb3f6d0a809,640beb45-2e69-4ff4-b01c-37cd9c0c2427
1000,43,25,e92bc306-314e-4853-8728-0107aa27b936,f94fbe6a-3f7a-4141-8405-9748f55ac880
1001,14,26,333bc679-0295-49cd-ad2e-cbb89a65bd99,b6acb8d3-1efd-4496-b0e7-5f2d4be9ff45
1002,25,40,b7f83fe7-6ae2-4e75-81e1-8440d26778c2,d72c004c-6999-4ffb-b291-1bd581c65d95
1003,9,42,d26316d2-19e2-45c0-9ada-b92ba56a4da2,3343a3b9-be11-4276-bca9-d7f4dd0b40aa
1004,6,84,b65da068-cfdf-4247-84db-91232e610217,d74dc441-1948-4ba8-aeef-843bd074e246
1005,35,14,fc629195-daf2-465a-91bd-330719735bb1,60df7002-bc50-4357-8014-02e42f5a5ab6
1006,36,25,ee0f4141-13ad-4289-a414-f1756a5748ef,3264f6eb-ce55-44da-845b-32cbf99da950
1007,44,39,c6d4e9d1-45a7-4948-9ec6-be687c4b8bba,fdc68f90-b2e4-483b-985d-b237467e8d9a
1008,7,16,bad3d1a2-b14d-4efa-8f81-5270ee921ae6,d7a8eb36-e00d-484f-b21e-a2ab742f8a2a
1009,14,95,d2ee1b75-2218-4753-9487-dcca23d667c6,0a994581-341f-43bf-979d-ece1e58de7ec
1010,10,54,6a6d3fce-c5aa-4154-a6a3-b56cb41f709f,403bf915-a897-4918-933b-3996e144e960
1011,11,20,b19cec0d-357e-4c6b-9257-8be52b1c71b5,d3b17672-60fb-443f-a047-2c379132dcb1
1012,22,7,d2a2460e-00d1-41f2-84cc-eba01eb88d75,b9f78d5b-79ae-441e-9dbf-592767af34a5
1013,20,35,75891066-59b4-437b-951f-ec553fb26b94,28fff0d2-38ea-40a7-b2ef-c2a2f7e69370
1014,29,2,bb53f18b-e3c5-48c1-900e-e8ed623ca467,1add84b7-14f5-4857-903b-578408246946
1015,44,4,bb53f18b-e3c5-48c1-900e-e8ed623ca467,1add84b7-14f5-4857-903b-578408246946
1016,13,2,bb53f18b-e3c5-48c1-900e-e8ed623ca467,1add84b7-14f5-4857-903b-578408246946
1017,18,2,5d64f731-cb01-4992-a27c-a6e1342f4913,d57d76d8-7dca-4ee4-84c0-1745fb4c8779
1018,15,1,5d64f731-cb01-4992-a27c-a6e1342f4913,d57d76d8-7dca-4ee4-84c0-1745fb4c8779
1019,16,3,5d64f731-cb01-4992-a27c-a6e1342f4913,d57d76d8-7dca-4ee4-84c0-1745fb4c8779
1020,19,1,026ffd7c-cff2-4daa-ae76-6768d3283861,d33a7b5d-15e5-4ba6-93ef-136bbcbf4946
1021,34,4,026ffd7c-cff2-4daa-ae76-6768d3283861,d33a7b5d-15e5-4ba6-93ef-136bbcbf4946
1022,8,1,c42221be-4851-42df-9184-1b4f96962bb7,134fb73e-fc99-41e4-92c4-6ecbada5574f
1023,44,4,c42221be-4851-42df-9184-1b4f96962bb7,134fb73e-fc99-41e4-92c4-6ecbada5574f
1024,23,3,c42221be-4851-42df-9184-1b4f96962bb7,134fb73e-fc99-41e4-92c4-6ecbada5574f
1025,8,1,57001f3e-d6be-4031-9295-a6b208c0ad46,49714439-c858-4e61-b7c6-f4d4c848c46b
1026,42,3,950db98c-fb0f-4b78-bbee-bf9ae97faeca,5b9e2a68-7967-46e0-8e35-bc993a1f07e6
1027,19,5,950db98c-fb0f-4b78-bbee-bf9ae97faeca,5b9e2a68-7967-46e0-8e35-bc993a1f07e6
1028,24,1,cd140190-a53b-4660-a5b4-cc844a6506f0,89ba200c-ca90-443a-b64f-397bce091eae
1029,35,4,cd140190-a53b-4660-a5b4-cc844a6506f0,89ba200c-ca90-443a-b64f-397bce091eae
1030,2,4,cd140190-a53b-4660-a5b4-cc844a6506f0,89ba200c-ca90-443a-b64f-397bce091eae
1031,35,2,bb75bf7d-c008-4267-bf92-6089cff5fe56,5e9405de-a078-4b00-99c6-96564568b63c
1032,19,3,bb75bf7d-c008-4267-bf92-6089cff5fe56,5e9405de-a078-4b00-99c6-96564568b63c
1033,45,3,c6addf8b-eea6-43b8-9040-b5620b1a0d99,7aebe820-8478-4a29-a606-7c59af677e24
1034,2,3,c6addf8b-eea6-43b8-9040-b5620b1a0d99,7aebe820-8478-4a29-a606-7c59af677e24
1035,20,3,f156fb67-e7e7-448c-b9c3-0b5f0425d134,2ba952cd-d5bf-4bb4-96fe-02fd4e166d12
1036,10,2,f156fb67-e7e7-448c-b9c3-0b5f0425d134,2ba952cd-d5bf-4bb4-96fe-02fd4e166d12
1037,36,2,f04f3daf-8ede-4787-a3ad-6ff06274229d,130208de-fef4-46cd-8b9b-1ea5b939895b
1038,42,1,372fd2b1-b2a7-4553-b6d7-426a1bc88e56,e34973c8-9ca9-4a06-b497-7a8b49625fc2
1039,29,3,20efa3c2-c498-4908-8af4-f81c76781912,0167b0c3-60fd-4fbd-b378-fba0ceac39ff
1040,26,3,20efa3c2-c498-4908-8af4-f81c76781912,0167b0c3-60fd-4fbd-b378-fba0ceac39ff
1041,14,3,469d957f-28ef-4eac-956a-d2a42b06d3ab,fcadc756-61e9-41bb-871b-d3546c5aa981
1042,21,2,469d957f-28ef-4eac-956a-d2a42b06d3ab,fcadc756-61e9-41bb-871b-d3546c5aa981
1043,11,1,b377e5d5-563f-475d-8c6d-b9f85ad861fd,fa60bc82-665e-4fe0-8f1f-b8a7675c2e2a
1044,35,4,b377e5d5-563f-475d-8c6d-b9f85ad861fd,fa60bc82-665e-4fe0-8f1f-b8a7675c2e2a
1045,25,4,b377e5d5-563f-475d-8c6d-b9f85ad861fd,fa60bc82-665e-4fe0-8f1f-b8a7675c2e2a
1046,23,2,c44107fb-70a4-4ff2-bedb-48b9ecfd3d6d,479bfe4c-7137-44dd-bb42-a4ab7900aa24
1047,40,1,5158fc84-71e0-47a1-84e9-b3e446a391ae,76f02f30-28cd-4f15-88be-9c64860d1fce
1048,41,3,5158fc84-71e0-47a1-84e9-b3e446a391ae,76f02f30-28cd-4f15-88be-9c64860d1fce
1049,42,2,48c4ca28-4db8-420e-af57-241818a81194,dc042557-cbee-4743-9b72-2c0a34a99cc2
1050,16,2,48c4ca28-4db8-420e-af57-241818a81194,dc042557-cbee-4743-9b72-2c0a34a99cc2
1051,25,1,48c4ca28-4db8-420e-af57-241818a81194,dc042557-cbee-4743-9b72-2c0a34a99cc2
1052,7,1,ee67c3b0-aa89-4b3b-8bbc-9d70695c132b,fa0ce0bb-b0d8-469d-8d42-e1153fc48272
1053,19,2,ee67c3b0-aa89-4b3b-8bbc-9d70695c132b,fa0ce0bb-b0d8-469d-8d42-e1153fc48272
1054,21,4,ee67c3b0-aa89-4b3b-8bbc-9d70695c132b,fa0ce0bb-b0d8-469d-8d42-e1153fc48272
1055,20,1,abc09fec-2fa0-48f6-b7c4-913620785520,52479603-9957-4e4b-91eb-337c358d1755
1056,6,4,abc09fec-2fa0-48f6-b7c4-913620785520,52479603-9957-4e4b-91eb-337c358d1755
1057,46,3,abc09fec-2fa0-48f6-b7c4-913620785520,52479603-9957-4e4b-91eb-337c358d1755
1058,2,59,d5566b15-b071-4acf-8e8e-c98433083b2d,50d33715-4c77-4dd9-8b9d-ff1ca372a2a2
1059,3,28,c42f0de8-b4f0-4167-abd1-ae79e5e18eea,172eb8f3-1033-4fb6-b66b-d0df09df3161
1060,4,63,b145f396-de9b-42f1-9cc9-f5b52c3a941c,65e4544d-42ae-4751-9580-bdcb90e5fcda
1061,5,47,f4372224-759f-43b3-bc83-ca6106bba1af,745bee4e-710c-4538-8df1-5c146e1092a6
1062,6,73,49d0edae-9091-41bb-a08d-ab1c66bd08d5,425b7a1a-b744-4c6b-898e-d424dd8cf18e
1063,7,35,b26d55e2-eb75-4bce-89cf-5cee095eaeea,0495233b-9470-4e1a-bb30-a1ee3150c092
1064,8,5,6ae04f04-85df-4b89-b057-5cb0459baab7,b0fcee8c-9047-405c-8316-28a38292be9d
1065,9,85,9a6ee454-f8ca-4a5a-b751-402ce8257b5b,5958bf67-e190-4171-91eb-298b69c89282
1066,10,34,84003744-296e-4294-86a3-8a96439d4ee8,d15bcc56-8948-4c3d-98ae-925d64b3f539
1067,11,88,b23deb12-0dc3-40c3-889c-8e8d3206dc4a,a22439e8-7918-4cae-806a-9f6ae0de6828
1068,12,72,7cd8ea7c-cea3-46fa-a913-724d59233a43,5f3d5c26-5d8b-4e48-88b0-b89d6aa5848d
1069,13,15,446119d3-b86d-4648-93e1-7c9104fe6462,7486257f-61aa-4829-bafa-3d46366ce403
1070,9,68,c42e63e2-e613-45df-9321-09c58bcedcf4,a3421fb8-ec22-489a-b8b2-8760a0474175
1071,14,58,742df199-0e51-44d2-93ba-a5e3885d79ed,2aba8b17-dd45-46e7-84df-701e2f319c1b
1072,15,40,c32eed70-314d-4321-b3f3-ea6c673d1cd7,7563cab2-7380-4b36-a04a-624aa1cdb54c
1073,11,71,2ba7bb1e-3a26-4638-850b-af1689dbf1f8,de08b73c-d432-4a4f-bb30-de1cecebb529
1074,16,76,70aee49a-32ac-4b29-9f05-59de1c043a48,80aae915-f2ef-486d-b074-54106ac01532
1075,17,82,fd861308-291c-435e-a11b-92cbba182fb4,c974d7dc-20af-4058-9383-01cdcd9494ad
1076,18,58,6af1f98f-7555-430a-9d7f-d0f70f1b0a54,e7cb4714-32c9-476b-8af4-e994b391badc
1077,19,83,73608d6a-cc61-4043-b95c-175ba478ba7c,0e00dc18-d5b9-4555-be83-cb7af77f2208
1078,20,11,2316da83-4a83-497c-bdf4-55ca9e8cadb9,6d7f8b2b-42ae-4ff8-8183-26a3257a91a0
1079,16,34,71a28ff5-ef5d-4279-b9b7-8afa7174f579,1e6c05e9-a48c-486c-8143-ed93c11c8b09
1080,21,14,3f9c4c5a-b644-40ed-8c3e-4776bdcac303,ea316ba1-76cb-4139-b609-9c5a6d09563d
1081,22,29,7103af48-0693-401e-a8a9-7063ff0d0722,7bd51828-f481-41de-97ac-8712792b2e57
1082,23,31,fb374a17-e2b4-4274-b777-a09cccc8dc7b,f3a36c1d-ff0a-4ee8-b55b-7d43e8e7a73d
1083,24,57,eea522eb-17c1-42e2-8e33-c33710b7d329,681aa23a-70ea-4b69-babb-3d14009779b3
1084,25,38,23924ca0-acae-4a6a-aa64-8d47b169f078,69542d28-1cc7-439e-abfd-de0ea90636fb
1085,16,48,6307c024-1705-4508-b05f-ac96dba72fca,73511170-19d5-4686-96d7-1dedcc3cb5cf
1086,26,93,9b878a0f-d9e2-47be-bfd2-2fc381dba95a,aeda3a81-6cc3-4f26-8d5d-3abc117f4866
1087,27,82,458efede-2515-46b3-87a4-9fd49e2d711b,b551ee49-8095-4c62-9876-409c029fd625
1088,2,46,a8420740-3acf-4f09-8564-b2c1182b2299,dc95916d-7a45-4bb5-859c-3f2d5ad8ab14
1089,5,8,42929165-b971-4546-b882-8f90e59c3e0f,53ff8d36-3cbd-47a4-9fd5-738e3b547fd7
1090,19,77,53cfa054-aabc-41b6-a357-af13f2dc5770,75a59dfe-7946-4f3e-baaa-bcdf8e9a3026
1091,28,70,7b346de1-fe35-4204-93d2-0cb2600b4213,0d9a9d9f-f2ea-43a0-8289-51baed42f345
1092,18,71,eb1d7193-5c90-4fcf-b41b-a6a3d5f925df,3ff2bcdb-6959-44ca-b3f5-d386e1b2144b
1093,24,52,f47e4ef6-e326-433f-884c-a3802095a502,a2079d4b-3e83-46b1-a176-ea43e2b931d7
1094,15,52,a0d5e405-23fc-4c24-8c7f-bd0b40b3b724,a23f6c7b-888e-4fac-ae5a-1cb2a2ffcbc0
1095,29,62,2ea0f049-e73e-4506-805c-4f12b4a7810b,ad4c02d5-62ae-4ddd-8df2-0a4566b4defe
1096,19,23,6820af07-1d42-417d-97a3-176e30884c33,b5863d0e-93b8-41eb-b237-b92ae20513c2
1097,3,75,48a1b6eb-bac0-4fe8-8dc0-dbf56a49a771,394d1002-25e7-48e0-9c3d-0f0b97eddbae
1098,18,17,c7f14ee0-3187-4d74-8849-714c10e168ba,b7878195-8d8a-439e-a3b7-fc766ceb62ba
1099,8,13,c3681bad-d1a9-4cc4-8d26-b00e51c0c7ee,a22b928a-a5d6-4fe8-9f7a-fab531f9543f
1100,30,13,dc883f1f-7e8f-40bf-a4b0-b41328c675b6,889f6174-2256-4747-9156-8d3a3b0f5406
1101,31,97,68dc7343-9c24-4c9b-bd29-acae05bf399c,dd83a1b4-c569-47a6-a705-8d424dc91fa2
1102,32,31,b21bcc31-0451-4f80-963f-3087de248f8a,11d27aee-b7ce-43ba-8ddb-5a10ae151f8e
1103,33,15,8dbbc936-6d70-46c8-8573-c0ca8825329f,f4cc408a-6f4f-4ebe-87f4-1f6b93ec0bee
1104,27,89,1be3c9a2-37b8-4e24-a360-c4c7cc7ff713,1aa40626-9d29-4a29-a815-7788529a3a74
1105,17,89,d808ffd0-d467-4bcc-8449-9e748b4a04ce,a1316db2-ab92-4569-9538-bf63f43e6a0b
1106,3,52,7e79d23c-8877-4200-aeee-35a5934db1df,c9943890-9047-4346-87b2-77ddbb997350
1107,15,9,4ece87fd-d687-4fa1-a217-7822923a1ade,f609d6d9-d7fa-4f5b-9dec-d4f016d1fa48
1108,7,92,98811bfd-37d0-4895-bbeb-e8235602abbd,3c0effcc-e964-4631-975a-921cc9cda9d5
1109,34,49,cebefc0d-2fb9-4e91-94fe-2fb720e8f058,25615e8c-ea06-491e-bcdf-9865bdd7e5ac
1110,27,88,ff32be02-476b-4616-9dbd-78dd6f3d928b,0d770726-de32-4072-b9d1-87da26be6d42
1111,17,71,b7ae2648-bc18-4b26-87cf-8f68b75a7888,f583d462-eb6a-416a-9c1a-98f496525d88
1112,35,95,11382b86-0769-4f6e-afea-c921397a444a,71f7be6f-ae6a-4232-ad7a-78c3cb77c754
1113,27,42,68da2756-09f4-49fa-b3d9-f6b8798da0ac,a8ffbfd5-dc8b-4ec3-b2bf-c99649303da2
1114,19,49,6656251a-ca70-401b-9dc1-5b5d892ea630,d60fa858-eea6-4807-a25d-638bd793a0a1
1115,36,67,5ebd7a1c-2d62-406e-b2b4-c250625e6287,8397177a-86f1-4da9-802c-e3866867ac94
1116,37,80,8d73d024-6813-44e6-93f2-9ee8cb20718f,fbd86280-4d9c-4c94-a886-8c7046f715b7
1117,21,86,0095d8da-3246-4f33-b76d-990b5ac46dc9,c4c7595f-4d8f-4aaf-b7eb-b1437008ff31
1118,3,50,02e5081e-abf3-4e23-a9ef-47b0949f31b9,c84a77f1-94e7-45e4-b187-640aaa465ca0
1119,38,46,44080c04-3ad0-43bb-a40d-d37e35e032f2,eed45163-9a39-4b1c-8b88-45ec4eb9b6ce
1120,22,92,a6174fda-397f-4e9a-9fed-75166bca2c16,0d8f57e2-cd6a-4e9d-8f16-45723b54be73
1121,39,78,52075ab4-f664-416f-b583-a366b168bc5e,0f4d47b0-f097-4966-9f29-78415e2e9e7c
1122,40,60,43e66a58-b6ef-40da-ac74-6516dd0d6830,922e8e10-7ca8-4c94-b1e5-0249db05a8c1
1123,13,99,e2055730-995c-4180-894f-116aec59bbab,4ab87e71-14af-4e71-9929-36a226282246
1124,24,98,8826333b-cf1f-44ee-98db-cc159e5afa5f,d672e1cf-afe7-43ab-8c37-5494c5865529
1125,41,93,80c0f4e4-3001-4983-91a9-44b1742e6f6b,ceb2015f-39cc-405b-b5d5-85689389a990
1126,7,61,4684e7d3-c044-4a98-80e9-5f43e9ff23d3,9db9f884-b940-428b-b57d-f019859cfbce
1127,23,21,dc85afa8-4888-4e1f-8cdd-470879901108,1ceb1c5d-ec87-43b9-9a8c-2731f3fbd1e2
1128,11,9,d7739dfe-596f-4527-a0ae-83a5b2f32b0d,2d1ab995-977f-4f05-a5e0-80f9d2e8fff7
1129,3,99,f933a1d6-0b38-427a-9fd0-297d8eb94918,6d5ea524-75df-4404-b07b-0df1a9cd0121
1130,39,45,c2503d64-0050-4d35-822c-6a540272fe1a,0f8c5154-7f7b-46ab-ad4d-d5c993e2c84e
1131,7,21,89a6aaff-4a87-400f-915f-9e6f2d263a32,9a614d0d-12bc-4de7-84da-5def82a15c74
1132,35,41,5edca4f4-c65a-4936-8c63-0694ba8245cb,fedd55d5-e1cc-42d4-9a14-c36ba242f32d
1133,31,38,125958b0-d8fd-4dcb-826b-a5f8f39a9956,dd93f3be-7e31-4600-bfab-eab48fac2e30
1134,7,88,2581514a-9e27-4d03-9943-478f2e059151,0c64ec45-1b2c-46a6-a3b8-8b1f9987b8c1
1135,17,88,22b17302-3ea2-4bf4-b5a9-50b4efd0bbc7,990c258c-276b-4e97-8ea8-a6eeb127377b
1136,27,41,c47b1521-0d18-410e-908b-780e91a78118,cf4386a1-9272-4141-884a-089164d72923
1137,17,17,f473d983-eb17-4b62-85fd-76b31540e41d,8ee29392-1b02-4940-801e-3d27c5c0e885
1138,6,21,af1a5839-9736-4c7d-b48c-8c3c560bbf02,cdcac61f-a48e-4de5-bdd6-f6e733716395
1139,42,75,39053f90-0c8f-4e5e-b8b2-4b51c82d7014,5ee93361-df63-45cf-84ea-8102ce020bd5
1140,40,8,d45c1fc9-2b06-4a2b-9625-7a8bda5b2be7,f9bc33c3-399c-497c-9587-59194f9c2bcf
1141,37,42,b7392abc-151f-43fe-97d8-aee98f46f246,cf05fc39-3809-47b1-bf2b-3fb743493575
1142,28,90,ff60676a-e25d-4628-84e9-203c98225944,1a8d7f91-898e-4c9b-9ea3-96b57d6c1c3c
1143,42,80,bad8935d-55aa-49aa-81d9-d42c3410b108,1b9491ef-60f8-480e-b063-060029f6532c
1144,41,61,0338aff7-ed92-4128-9957-24e109b1aa5b,bc0dc730-aab8-4fb1-94ef-24350c6cd850
1145,39,87,7d12aa83-b1c4-4c6c-a3e6-b7cd6f26498c,3ebbac00-534f-4c13-bef0-4b495a264851
1146,21,87,72ea2fbd-b7e1-4c61-8292-a8924d6ee8f0,f87b387f-3709-4406-9839-5045631bd4e4
1147,9,14,a3e21e04-b65b-47da-845a-4cdaf559f5f2,4c4721d5-eabb-44c6-83a2-5b8ea7039e69
1148,17,55,e2ee7c06-c34e-42e7-8e35-055953addca3,9f129880-ede4-4c4d-adbe-c0d04e75cf1c
1149,7,41,aa0823cf-e8a7-4500-934a-b18b42036d2e,b971a15c-87ef-4e79-814d-228534ad2c1a
1150,13,44,a7523398-8ffe-49bb-bec2-ba85709bd3d9,97fab43b-c89a-459c-a700-e5bb645fb557
1151,3,70,e9bee4c1-c56a-4e8e-8e91-79d8f6a98b5b,82982f6a-bf45-443f-84f2-47f9f78fdce9
1152,17,43,d7d52dc6-d13e-4a07-aa6a-934642b20473,b4c2d12a-b9fa-4143-b411-69032cdd5927
1153,9,16,d247fff7-d785-4593-aad9-ddb3f6d0a809,640beb45-2e69-4ff4-b01c-37cd9c0c2427
1154,43,25,e92bc306-314e-4853-8728-0107aa27b936,f94fbe6a-3f7a-4141-8405-9748f55ac880
1155,14,26,333bc679-0295-49cd-ad2e-cbb89a65bd99,b6acb8d3-1efd-4496-b0e7-5f2d4be9ff45
1156,25,40,b7f83fe7-6ae2-4e75-81e1-8440d26778c2,d72c004c-6999-4ffb-b291-1bd581c65d95
1157,9,42,d26316d2-19e2-45c0-9ada-b92ba56a4da2,3343a3b9-be11-4276-bca9-d7f4dd0b40aa
1158,6,84,b65da068-cfdf-4247-84db-91232e610217,d74dc441-1948-4ba8-aeef-843bd074e246
1159,35,14,fc629195-daf2-465a-91bd-330719735bb1,60df7002-bc50-4357-8014-02e42f5a5ab6
1160,36,25,ee0f4141-13ad-4289-a414-f1756a5748ef,3264f6eb-ce55-44da-845b-32cbf99da950
1161,44,39,c6d4e9d1-45a7-4948-9ec6-be687c4b8bba,fdc68f90-b2e4-483b-985d-b237467e8d9a
1162,7,16,bad3d1a2-b14d-4efa-8f81-5270ee921ae6,d7a8eb36-e00d-484f-b21e-a2ab742f8a2a
1163,14,95,d2ee1b75-2218-4753-9487-dcca23d667c6,0a994581-341f-43bf-979d-ece1e58de7ec
1164,10,54,6a6d3fce-c5aa-4154-a6a3-b56cb41f709f,403bf915-a897-4918-933b-3996e144e960
1165,11,20,b19cec0d-357e-4c6b-9257-8be52b1c71b5,d3b17672-60fb-443f-a047-2c379132dcb1
1166,22,7,d2a2460e-00d1-41f2-84cc-eba01eb88d75,b9f78d5b-79ae-441e-9dbf-592767af34a5
1167,20,35,75891066-59b4-437b-951f-ec553fb26b94,28fff0d2-38ea-40a7-b2ef-c2a2f7e69370
1168,2,59,d5566b15-b071-4acf-8e8e-c98433083b2d,50d33715-4c77-4dd9-8b9d-ff1ca372a2a2
1169,3,28,c42f0de8-b4f0-4167-abd1-ae79e5e18eea,172eb8f3-1033-4fb6-b66b-d0df09df3161
1170,4,63,b145f396-de9b-42f1-9cc9-f5b52c3a941c,65e4544d-42ae-4751-9580-bdcb90e5fcda
1171,5,47,f4372224-759f-43b3-bc83-ca6106bba1af,745bee4e-710c-4538-8df1-5c146e1092a6
1172,6,73,49d0edae-9091-41bb-a08d-ab1c66bd08d5,425b7a1a-b744-4c6b-898e-d424dd8cf18e
1173,7,35,b26d55e2-eb75-4bce-89cf-5cee095eaeea,0495233b-9470-4e1a-bb30-a1ee3150c092
1174,8,5,6ae04f04-85df-4b89-b057-5cb0459baab7,b0fcee8c-9047-405c-8316-28a38292be9d
1175,9,85,9a6ee454-f8ca-4a5a-b751-402ce8257b5b,5958bf67-e190-4171-91eb-298b69c89282
1176,10,34,84003744-296e-4294-86a3-8a96439d4ee8,d15bcc56-8948-4c3d-98ae-925d64b3f539
1177,11,88,b23deb12-0dc3-40c3-889c-8e8d3206dc4a,a22439e8-7918-4cae-806a-9f6ae0de6828
1178,12,72,7cd8ea7c-cea3-46fa-a913-724d59233a43,5f3d5c26-5d8b-4e48-88b0-b89d6aa5848d
1179,13,15,446119d3-b86d-4648-93e1-7c9104fe6462,7486257f-61aa-4829-bafa-3d46366ce403
1180,9,68,c42e63e2-e613-45df-9321-09c58bcedcf4,a3421fb8-ec22-489a-b8b2-8760a0474175
1181,14,58,742df199-0e51-44d2-93ba-a5e3885d79ed,2aba8b17-dd45-46e7-84df-701e2f319c1b
1182,15,40,c32eed70-314d-4321-b3f3-ea6c673d1cd7,7563cab2-7380-4b36-a04a-624aa1cdb54c
1183,11,71,2ba7bb1e-3a26-4638-850b-af1689dbf1f8,de08b73c-d432-4a4f-bb30-de1cecebb529
1184,16,76,70aee49a-32ac-4b29-9f05-59de1c043a48,80aae915-f2ef-486d-b074-54106ac01532
1185,17,82,fd861308-291c-435e-a11b-92cbba182fb4,c974d7dc-20af-4058-9383-01cdcd9494ad
1186,18,58,6af1f98f-7555-430a-9d7f-d0f70f1b0a54,e7cb4714-32c9-476b-8af4-e994b391badc
1187,19,83,73608d6a-cc61-4043-b95c-175ba478ba7c,0e00dc18-d5b9-4555-be83-cb7af77f2208
1188,20,11,2316da83-4a83-497c-bdf4-55ca9e8cadb9,6d7f8b2b-42ae-4ff8-8183-26a3257a91a0
1189,16,34,71a28ff5-ef5d-4279-b9b7-8afa7174f579,1e6c05e9-a48c-486c-8143-ed93c11c8b09
1190,21,14,3f9c4c5a-b644-40ed-8c3e-4776bdcac303,ea316ba1-76cb-4139-b609-9c5a6d09563d
1191,22,29,7103af48-0693-401e-a8a9-7063ff0d0722,7bd51828-f481-41de-97ac-8712792b2e57
1192,23,31,fb374a17-e2b4-4274-b777-a09cccc8dc7b,f3a36c1d-ff0a-4ee8-b55b-7d43e8e7a73d
1193,24,57,eea522eb-17c1-42e2-8e33-c33710b7d329,681aa23a-70ea-4b69-babb-3d14009779b3
1194,25,38,23924ca0-acae-4a6a-aa64-8d47b169f078,69542d28-1cc7-439e-abfd-de0ea90636fb
1195,16,48,6307c024-1705-4508-b05f-ac96dba72fca,73511170-19d5-4686-96d7-1dedcc3cb5cf
1196,26,93,9b878a0f-d9e2-47be-bfd2-2fc381dba95a,aeda3a81-6cc3-4f26-8d5d-3abc117f4866
1197,27,82,458efede-2515-46b3-87a4-9fd49e2d711b,b551ee49-8095-4c62-9876-409c029fd625
1198,2,46,a8420740-3acf-4f09-8564-b2c1182b2299,dc95916d-7a45-4bb5-859c-3f2d5ad8ab14
1199,5,8,42929165-b971-4546-b882-8f90e59c3e0f,53ff8d36-3cbd-47a4-9fd5-738e3b547fd7
1200,19,77,53cfa054-aabc-41b6-a357-af13f2dc5770,75a59dfe-7946-4f3e-baaa-bcdf8e9a3026
1201,28,70,7b346de1-fe35-4204-93d2-0cb2600b4213,0d9a9d9f-f2ea-43a0-8289-51baed42f345
1202,18,71,eb1d7193-5c90-4fcf-b41b-a6a3d5f925df,3ff2bcdb-6959-44ca-b3f5-d386e1b2144b
1203,24,52,f47e4ef6-e326-433f-884c-a3802095a502,a2079d4b-3e83-46b1-a176-ea43e2b931d7
1204,15,52,a0d5e405-23fc-4c24-8c7f-bd0b40b3b724,a23f6c7b-888e-4fac-ae5a-1cb2a2ffcbc0
1205,29,62,2ea0f049-e73e-4506-805c-4f12b4a7810b,ad4c02d5-62ae-4ddd-8df2-0a4566b4defe
1206,19,23,6820af07-1d42-417d-97a3-176e30884c33,b5863d0e-93b8-41eb-b237-b92ae20513c2
1207,3,75,48a1b6eb-bac0-4fe8-8dc0-dbf56a49a771,394d1002-25e7-48e0-9c3d-0f0b97eddbae
1208,18,17,c7f14ee0-3187-4d74-8849-714c10e168ba,b7878195-8d8a-439e-a3b7-fc766ceb62ba
1209,8,13,c3681bad-d1a9-4cc4-8d26-b00e51c0c7ee,a22b928a-a5d6-4fe8-9f7a-fab531f9543f
1210,30,13,dc883f1f-7e8f-40bf-a4b0-b41328c675b6,889f6174-2256-4747-9156-8d3a3b0f5406
1211,31,97,68dc7343-9c24-4c9b-bd29-acae05bf399c,dd83a1b4-c569-47a6-a705-8d424dc91fa2
1212,32,31,b21bcc31-0451-4f80-963f-3087de248f8a,11d27aee-b7ce-43ba-8ddb-5a10ae151f8e
1213,33,15,8dbbc936-6d70-46c8-8573-c0ca8825329f,f4cc408a-6f4f-4ebe-87f4-1f6b93ec0bee
1214,27,89,1be3c9a2-37b8-4e24-a360-c4c7cc7ff713,1aa40626-9d29-4a29-a815-7788529a3a74
1215,17,89,d808ffd0-d467-4bcc-8449-9e748b4a04ce,a1316db2-ab92-4569-9538-bf63f43e6a0b
1216,3,52,7e79d23c-8877-4200-aeee-35a5934db1df,c9943890-9047-4346-87b2-77ddbb997350
1217,15,9,4ece87fd-d687-4fa1-a217-7822923a1ade,f609d6d9-d7fa-4f5b-9dec-d4f016d1fa48
1218,7,92,98811bfd-37d0-4895-bbeb-e8235602abbd,3c0effcc-e964-4631-975a-921cc9cda9d5
1219,34,49,cebefc0d-2fb9-4e91-94fe-2fb720e8f058,25615e8c-ea06-491e-bcdf-9865bdd7e5ac
1220,27,88,ff32be02-476b-4616-9dbd-78dd6f3d928b,0d770726-de32-4072-b9d1-87da26be6d42
1221,17,71,b7ae2648-bc18-4b26-87cf-8f68b75a7888,f583d462-eb6a-416a-9c1a-98f496525d88
1222,35,95,11382b86-0769-4f6e-afea-c921397a444a,71f7be6f-ae6a-4232-ad7a-78c3cb77c754
1223,27,42,68da2756-09f4-49fa-b3d9-f6b8798da0ac,a8ffbfd5-dc8b-4ec3-b2bf-c99649303da2
1224,19,49,6656251a-ca70-401b-9dc1-5b5d892ea630,d60fa858-eea6-4807-a25d-638bd793a0a1
1225,36,67,5ebd7a1c-2d62-406e-b2b4-c250625e6287,8397177a-86f1-4da9-802c-e3866867ac94
1226,37,80,8d73d024-6813-44e6-93f2-9ee8cb20718f,fbd86280-4d9c-4c94-a886-8c7046f715b7
1227,21,86,0095d8da-3246-4f33-b76d-990b5ac46dc9,c4c7595f-4d8f-4aaf-b7eb-b1437008ff31
1228,3,50,02e5081e-abf3-4e23-a9ef-47b0949f31b9,c84a77f1-94e7-45e4-b187-640aaa465ca0
1229,38,46,44080c04-3ad0-43bb-a40d-d37e35e032f2,eed45163-9a39-4b1c-8b88-45ec4eb9b6ce
1230,22,92,a6174fda-397f-4e9a-9fed-75166bca2c16,0d8f57e2-cd6a-4e9d-8f16-45723b54be73
1231,39,78,52075ab4-f664-416f-b583-a366b168bc5e,0f4d47b0-f097-4966-9f29-78415e2e9e7c
1232,40,60,43e66a58-b6ef-40da-ac74-6516dd0d6830,922e8e10-7ca8-4c94-b1e5-0249db05a8c1
1233,13,99,e2055730-995c-4180-894f-116aec59bbab,4ab87e71-14af-4e71-9929-36a226282246
1234,24,98,8826333b-cf1f-44ee-98db-cc159e5afa5f,d672e1cf-afe7-43ab-8c37-5494c5865529
1235,41,93,80c0f4e4-3001-4983-91a9-44b1742e6f6b,ceb2015f-39cc-405b-b5d5-85689389a990
1236,7,61,4684e7d3-c044-4a98-80e9-5f43e9ff23d3,9db9f884-b940-428b-b57d-f019859cfbce
1237,23,21,dc85afa8-4888-4e1f-8cdd-470879901108,1ceb1c5d-ec87-43b9-9a8c-2731f3fbd1e2
1238,11,9,d7739dfe-596f-4527-a0ae-83a5b2f32b0d,2d1ab995-977f-4f05-a5e0-80f9d2e8fff7
1239,3,99,f933a1d6-0b38-427a-9fd0-297d8eb94918,6d5ea524-75df-4404-b07b-0df1a9cd0121
1240,39,45,c2503d64-0050-4d35-822c-6a540272fe1a,0f8c5154-7f7b-46ab-ad4d-d5c993e2c84e
1241,7,21,89a6aaff-4a87-400f-915f-9e6f2d263a32,9a614d0d-12bc-4de7-84da-5def82a15c74
1242,35,41,5edca4f4-c65a-4936-8c63-0694ba8245cb,fedd55d5-e1cc-42d4-9a14-c36ba242f32d
1243,31,38,125958b0-d8fd-4dcb-826b-a5f8f39a9956,dd93f3be-7e31-4600-bfab-eab48fac2e30
1244,7,88,2581514a-9e27-4d03-9943-478f2e059151,0c64ec45-1b2c-46a6-a3b8-8b1f9987b8c1
1245,17,88,22b17302-3ea2-4bf4-b5a9-50b4efd0bbc7,990c258c-276b-4e97-8ea8-a6eeb127377b
1246,27,41,c47b1521-0d18-410e-908b-780e91a78118,cf4386a1-9272-4141-884a-089164d72923
1247,17,17,f473d983-eb17-4b62-85fd-76b31540e41d,8ee29392-1b02-4940-801e-3d27c5c0e885
1248,6,21,af1a5839-9736-4c7d-b48c-8c3c560bbf02,cdcac61f-a48e-4de5-bdd6-f6e733716395
1249,42,75,39053f90-0c8f-4e5e-b8b2-4b51c82d7014,5ee93361-df63-45cf-84ea-8102ce020bd5
1250,40,8,d45c1fc9-2b06-4a2b-9625-7a8bda5b2be7,f9bc33c3-399c-497c-9587-59194f9c2bcf
1251,37,42,b7392abc-151f-43fe-97d8-aee98f46f246,cf05fc39-3809-47b1-bf2b-3fb743493575
1252,28,90,ff60676a-e25d-4628-84e9-203c98225944,1a8d7f91-898e-4c9b-9ea3-96b57d6c1c3c
1253,42,80,bad8935d-55aa-49aa-81d9-d42c3410b108,1b9491ef-60f8-480e-b063-060029f6532c
1254,41,61,0338aff7-ed92-4128-9957-24e109b1aa5b,bc0dc730-aab8-4fb1-94ef-24350c6cd850
1255,39,87,7d12aa83-b1c4-4c6c-a3e6-b7cd6f26498c,3ebbac00-534f-4c13-bef0-4b495a264851
1256,21,87,72ea2fbd-b7e1-4c61-8292-a8924d6ee8f0,f87b387f-3709-4406-9839-5045631bd4e4
1257,9,14,a3e21e04-b65b-47da-845a-4cdaf559f5f2,4c4721d5-eabb-44c6-83a2-5b8ea7039e69
1258,17,55,e2ee7c06-c34e-42e7-8e35-055953addca3,9f129880-ede4-4c4d-adbe-c0d04e75cf1c
1259,7,41,aa0823cf-e8a7-4500-934a-b18b42036d2e,b971a15c-87ef-4e79-814d-228534ad2c1a
1260,13,44,a7523398-8ffe-49bb-bec2-ba85709bd3d9,97fab43b-c89a-459c-a700-e5bb645fb557
1261,3,70,e9bee4c1-c56a-4e8e-8e91-79d8f6a98b5b,82982f6a-bf45-443f-84f2-47f9f78fdce9
1262,17,43,d7d52dc6-d13e-4a07-aa6a-934642b20473,b4c2d12a-b9fa-4143-b411-69032cdd5927
1263,9,16,d247fff7-d785-4593-aad9-ddb3f6d0a809,640beb45-2e69-4ff4-b01c-37cd9c0c2427
1264,43,25,e92bc306-314e-4853-8728-0107aa27b936,f94fbe6a-3f7a-4141-8405-9748f55ac880
1265,14,26,333bc679-0295-49cd-ad2e-cbb89a65bd99,b6acb8d3-1efd-4496-b0e7-5f2d4be9ff45
1266,25,40,b7f83fe7-6ae2-4e75-81e1-8440d26778c2,d72c004c-6999-4ffb-b291-1bd581c65d95
1267,9,42,d26316d2-19e2-45c0-9ada-b92ba56a4da2,3343a3b9-be11-4276-bca9-d7f4dd0b40aa
1268,6,84,b65da068-cfdf-4247-84db-91232e610217,d74dc441-1948-4ba8-aeef-843bd074e246
1269,35,14,fc629195-daf2-465a-91bd-330719735bb1,60df7002-bc50-4357-8014-02e42f5a5ab6
1270,36,25,ee0f4141-13ad-4289-a414-f1756a5748ef,3264f6eb-ce55-44da-845b-32cbf99da950
1271,44,39,c6d4e9d1-45a7-4948-9ec6-be687c4b8bba,fdc68f90-b2e4-483b-985d-b237467e8d9a
1272,7,16,bad3d1a2-b14d-4efa-8f81-5270ee921ae6,d7a8eb36-e00d-484f-b21e-a2ab742f8a2a
1273,14,95,d2ee1b75-2218-4753-9487-dcca23d667c6,0a994581-341f-43bf-979d-ece1e58de7ec
1274,10,54,6a6d3fce-c5aa-4154-a6a3-b56cb41f709f,403bf915-a897-4918-933b-3996e144e960
1275,11,20,b19cec0d-357e-4c6b-9257-8be52b1c71b5,d3b17672-60fb-443f-a047-2c379132dcb1
1276,22,7,d2a2460e-00d1-41f2-84cc-eba01eb88d75,b9f78d5b-79ae-441e-9dbf-592767af34a5
1277,20,35,75891066-59b4-437b-951f-ec553fb26b94,28fff0d2-38ea-40a7-b2ef-c2a2f7e69370
1278,29,2,bb53f18b-e3c5-48c1-900e-e8ed623ca467,1add84b7-14f5-4857-903b-578408246946
1279,44,4,bb53f18b-e3c5-48c1-900e-e8ed623ca467,1add84b7-14f5-4857-903b-578408246946
1280,13,2,bb53f18b-e3c5-48c1-900e-e8ed623ca467,1add84b7-14f5-4857-903b-578408246946
1281,18,2,5d64f731-cb01-4992-a27c-a6e1342f4913,d57d76d8-7dca-4ee4-84c0-1745fb4c8779
1282,15,1,5d64f731-cb01-4992-a27c-a6e1342f4913,d57d76d8-7dca-4ee4-84c0-1745fb4c8779
1283,16,3,5d64f731-cb01-4992-a27c-a6e1342f4913,d57d76d8-7dca-4ee4-84c0-1745fb4c8779
1284,19,1,026ffd7c-cff2-4daa-ae76-6768d3283861,d33a7b5d-15e5-4ba6-93ef-136bbcbf4946
1285,34,4,026ffd7c-cff2-4daa-ae76-6768d3283861,d33a7b5d-15e5-4ba6-93ef-136bbcbf4946
1286,8,1,c42221be-4851-42df-9184-1b4f96962bb7,134fb73e-fc99-41e4-92c4-6ecbada5574f
1287,44,4,c42221be-4851-42df-9184-1b4f96962bb7,134fb73e-fc99-41e4-92c4-6ecbada5574f
1288,23,3,c42221be-4851-42df-9184-1b4f96962bb7,134fb73e-fc99-41e4-92c4-6ecbada5574f
1289,8,1,57001f3e-d6be-4031-9295-a6b208c0ad46,49714439-c858-4e61-b7c6-f4d4c848c46b
1290,42,3,950db98c-fb0f-4b78-bbee-bf9ae97faeca,5b9e2a68-7967-46e0-8e35-bc993a1f07e6
1291,19,5,950db98c-fb0f-4b78-bbee-bf9ae97faeca,5b9e2a68-7967-46e0-8e35-bc993a1f07e6
1292,24,1,cd140190-a53b-4660-a5b4-cc844a6506f0,89ba200c-ca90-443a-b64f-397bce091eae
1293,35,4,cd140190-a53b-4660-a5b4-cc844a6506f0,89ba200c-ca90-443a-b64f-397bce091eae
1294,2,4,cd140190-a53b-4660-a5b4-cc844a6506f0,89ba200c-ca90-443a-b64f-397bce091eae
1295,35,2,bb75bf7d-c008-4267-bf92-6089cff5fe56,5e9405de-a078-4b00-99c6-96564568b63c
1296,19,3,bb75bf7d-c008-4267-bf92-6089cff5fe56,5e9405de-a078-4b00-99c6-96564568b63c
1297,45,3,c6addf8b-eea6-43b8-9040-b5620b1a0d99,7aebe820-8478-4a29-a606-7c59af677e24
1298,2,3,c6addf8b-eea6-43b8-9040-b5620b1a0d99,7aebe820-8478-4a29-a606-7c59af677e24
1299,20,3,f156fb67-e7e7-448c-b9c3-0b5f0425d134,2ba952cd-d5bf-4bb4-96fe-02fd4e166d12
1300,10,2,f156fb67-e7e7-448c-b9c3-0b5f0425d134,2ba952cd-d5bf-4bb4-96fe-02fd4e166d12
1301,36,2,f04f3daf-8ede-4787-a3ad-6ff06274229d,130208de-fef4-46cd-8b9b-1ea5b939895b
1302,42,1,372fd2b1-b2a7-4553-b6d7-426a1bc88e56,e34973c8-9ca9-4a06-b497-7a8b49625fc2
1303,29,3,20efa3c2-c498-4908-8af4-f81c76781912,0167b0c3-60fd-4fbd-b378-fba0ceac39ff
1304,26,3,20efa3c2-c498-4908-8af4-f81c76781912,0167b0c3-60fd-4fbd-b378-fba0ceac39ff
1305,14,3,469d957f-28ef-4eac-956a-d2a42b06d3ab,fcadc756-61e9-41bb-871b-d3546c5aa981
1306,21,2,469d957f-28ef-4eac-956a-d2a42b06d3ab,fcadc756-61e9-41bb-871b-d3546c5aa981
1307,11,1,b377e5d5-563f-475d-8c6d-b9f85ad861fd,fa60bc82-665e-4fe0-8f1f-b8a7675c2e2a
1308,35,4,b377e5d5-563f-475d-8c6d-b9f85ad861fd,fa60bc82-665e-4fe0-8f1f-b8a7675c2e2a
1309,25,4,b377e5d5-563f-475d-8c6d-b9f85ad861fd,fa60bc82-665e-4fe0-8f1f-b8a7675c2e2a
1310,23,2,c44107fb-70a4-4ff2-bedb-48b9ecfd3d6d,479bfe4c-7137-44dd-bb42-a4ab7900aa24
1311,40,1,5158fc84-71e0-47a1-84e9-b3e446a391ae,76f02f30-28cd-4f15-88be-9c64860d1fce
1312,41,3,5158fc84-71e0-47a1-84e9-b3e446a391ae,76f02f30-28cd-4f15-88be-9c64860d1fce
1313,42,2,48c4ca28-4db8-420e-af57-241818a81194,dc042557-cbee-4743-9b72-2c0a34a99cc2
1314,16,2,48c4ca28-4db8-420e-af57-241818a81194,dc042557-cbee-4743-9b72-2c0a34a99cc2
1315,25,1,48c4ca28-4db8-420e-af57-241818a81194,dc042557-cbee-4743-9b72-2c0a34a99cc2
1316,7,1,ee67c3b0-aa89-4b3b-8bbc-9d70695c132b,fa0ce0bb-b0d8-469d-8d42-e1153fc48272
1317,19,2,ee67c3b0-aa89-4b3b-8bbc-9d70695c132b,fa0ce0bb-b0d8-469d-8d42-e1153fc48272
1318,21,4,ee67c3b0-aa89-4b3b-8bbc-9d70695c132b,fa0ce0bb-b0d8-469d-8d42-e1153fc48272
1319,20,1,abc09fec-2fa0-48f6-b7c4-913620785520,52479603-9957-4e4b-91eb-337c358d1755
1320,6,4,abc09fec-2fa0-48f6-b7c4-913620785520,52479603-9957-4e4b-91eb-337c358d1755
1321,46,3,abc09fec-2fa0-48f6-b7c4-913620785520,52479603-9957-4e4b-91eb-337c358d1755
1322,2,59,d5566b15-b071-4acf-8e8e-c98433083b2d,50d33715-4c77-4dd9-8b9d-ff1ca372a2a2
1323,3,28,c42f0de8-b4f0-4167-abd1-ae79e5e18eea,172eb8f3-1033-4fb6-b66b-d0df09df3161
1324,4,63,b145f396-de9b-42f1-9cc9-f5b52c3a941c,65e4544d-42ae-4751-9580-bdcb90e5fcda
1325,5,47,f4372224-759f-43b3-bc83-ca6106bba1af,745bee4e-710c-4538-8df1-5c146e1092a6
1326,6,73,49d0edae-9091-41bb-a08d-ab1c66bd08d5,425b7a1a-b744-4c6b-898e-d424dd8cf18e
1327,7,35,b26d55e2-eb75-4bce-89cf-5cee095eaeea,0495233b-9470-4e1a-bb30-a1ee3150c092
1328,8,5,6ae04f04-85df-4b89-b057-5cb0459baab7,b0fcee8c-9047-405c-8316-28a38292be9d
1329,9,85,9a6ee454-f8ca-4a5a-b751-402ce8257b5b,5958bf67-e190-4171-91eb-298b69c89282
1330,10,34,84003744-296e-4294-86a3-8a96439d4ee8,d15bcc56-8948-4c3d-98ae-925d64b3f539
1331,11,88,b23deb12-0dc3-40c3-889c-8e8d3206dc4a,a22439e8-7918-4cae-806a-9f6ae0de6828
1332,12,72,7cd8ea7c-cea3-46fa-a913-724d59233a43,5f3d5c26-5d8b-4e48-88b0-b89d6aa5848d
1333,13,15,446119d3-b86d-4648-93e1-7c9104fe6462,7486257f-61aa-4829-bafa-3d46366ce403
1334,9,68,c42e63e2-e613-45df-9321-09c58bcedcf4,a3421fb8-ec22-489a-b8b2-8760a0474175
1335,14,58,742df199-0e51-44d2-93ba-a5e3885d79ed,2aba8b17-dd45-46e7-84df-701e2f319c1b
1336,15,40,c32eed70-314d-4321-b3f3-ea6c673d1cd7,7563cab2-7380-4b36-a04a-624aa1cdb54c
1337,11,71,2ba7bb1e-3a26-4638-850b-af1689dbf1f8,de08b73c-d432-4a4f-bb30-de1cecebb529
1338,16,76,70aee49a-32ac-4b29-9f05-59de1c043a48,80aae915-f2ef-486d-b074-54106ac01532
1339,17,82,fd861308-291c-435e-a11b-92cbba182fb4,c974d7dc-20af-4058-9383-01cdcd9494ad
1340,18,58,6af1f98f-7555-430a-9d7f-d0f70f1b0a54,e7cb4714-32c9-476b-8af4-e994b391badc
1341,19,83,73608d6a-cc61-4043-b95c-175ba478ba7c,0e00dc18-d5b9-4555-be83-cb7af77f2208
1342,20,11,2316da83-4a83-497c-bdf4-55ca9e8cadb9,6d7f8b2b-42ae-4ff8-8183-26a3257a91a0
1343,16,34,71a28ff5-ef5d-4279-b9b7-8afa7174f579,1e6c05e9-a48c-486c-8143-ed93c11c8b09
1344,21,14,3f9c4c5a-b644-40ed-8c3e-4776bdcac303,ea316ba1-76cb-4139-b609-9c5a6d09563d
1345,22,29,7103af48-0693-401e-a8a9-7063ff0d0722,7bd51828-f481-41de-97ac-8712792b2e57
1346,23,31,fb374a17-e2b4-4274-b777-a09cccc8dc7b,f3a36c1d-ff0a-4ee8-b55b-7d43e8e7a73d
1347,24,57,eea522eb-17c1-42e2-8e33-c33710b7d329,681aa23a-70ea-4b69-babb-3d14009779b3
1348,25,38,23924ca0-acae-4a6a-aa64-8d47b169f078,69542d28-1cc7-439e-abfd-de0ea90636fb
1349,16,48,6307c024-1705-4508-b05f-ac96dba72fca,73511170-19d5-4686-96d7-1dedcc3cb5cf
1350,26,93,9b878a0f-d9e2-47be-bfd2-2fc381dba95a,aeda3a81-6cc3-4f26-8d5d-3abc117f4866
1351,27,82,458efede-2515-46b3-87a4-9fd49e2d711b,b551ee49-8095-4c62-9876-409c029fd625
1352,2,46,a8420740-3acf-4f09-8564-b2c1182b2299,dc95916d-7a45-4bb5-859c-3f2d5ad8ab14
1353,5,8,42929165-b971-4546-b882-8f90e59c3e0f,53ff8d36-3cbd-47a4-9fd5-738e3b547fd7
1354,19,77,53cfa054-aabc-41b6-a357-af13f2dc5770,75a59dfe-7946-4f3e-baaa-bcdf8e9a3026
1355,28,70,7b346de1-fe35-4204-93d2-0cb2600b4213,0d9a9d9f-f2ea-43a0-8289-51baed42f345
1356,18,71,eb1d7193-5c90-4fcf-b41b-a6a3d5f925df,3ff2bcdb-6959-44ca-b3f5-d386e1b2144b
1357,24,52,f47e4ef6-e326-433f-884c-a3802095a502,a2079d4b-3e83-46b1-a176-ea43e2b931d7
1358,15,52,a0d5e405-23fc-4c24-8c7f-bd0b40b3b724,a23f6c7b-888e-4fac-ae5a-1cb2a2ffcbc0
1359,29,62,2ea0f049-e73e-4506-805c-4f12b4a7810b,ad4c02d5-62ae-4ddd-8df2-0a4566b4defe
1360,19,23,6820af07-1d42-417d-97a3-176e30884c33,b5863d0e-93b8-41eb-b237-b92ae20513c2
1361,3,75,48a1b6eb-bac0-4fe8-8dc0-dbf56a49a771,394d1002-25e7-48e0-9c3d-0f0b97eddbae
1362,18,17,c7f14ee0-3187-4d74-8849-714c10e168ba,b7878195-8d8a-439e-a3b7-fc766ceb62ba
1363,8,13,c3681bad-d1a9-4cc4-8d26-b00e51c0c7ee,a22b928a-a5d6-4fe8-9f7a-fab531f9543f
1364,30,13,dc883f1f-7e8f-40bf-a4b0-b41328c675b6,889f6174-2256-4747-9156-8d3a3b0f5406
1365,31,97,68dc7343-9c24-4c9b-bd29-acae05bf399c,dd83a1b4-c569-47a6-a705-8d424dc91fa2
1366,32,31,b21bcc31-0451-4f80-963f-3087de248f8a,11d27aee-b7ce-43ba-8ddb-5a10ae151f8e
1367,33,15,8dbbc936-6d70-46c8-8573-c0ca8825329f,f4cc408a-6f4f-4ebe-87f4-1f6b93ec0bee
1368,27,89,1be3c9a2-37b8-4e24-a360-c4c7cc7ff713,1aa40626-9d29-4a29-a815-7788529a3a74
1369,17,89,d808ffd0-d467-4bcc-8449-9e748b4a04ce,a1316db2-ab92-4569-9538-bf63f43e6a0b
1370,3,52,7e79d23c-8877-4200-aeee-35a5934db1df,c9943890-9047-4346-87b2-77ddbb997350
1371,15,9,4ece87fd-d687-4fa1-a217-7822923a1ade,f609d6d9-d7fa-4f5b-9dec-d4f016d1fa48
1372,7,92,98811bfd-37d0-4895-bbeb-e8235602abbd,3c0effcc-e964-4631-975a-921cc9cda9d5
1373,34,49,cebefc0d-2fb9-4e91-94fe-2fb720e8f058,25615e8c-ea06-491e-bcdf-9865bdd7e5ac
1374,27,88,ff32be02-476b-4616-9dbd-78dd6f3d928b,0d770726-de32-4072-b9d1-87da26be6d42
1375,17,71,b7ae2648-bc18-4b26-87cf-8f68b75a7888,f583d462-eb6a-416a-9c1a-98f496525d88
1376,35,95,11382b86-0769-4f6e-afea-c921397a444a,71f7be6f-ae6a-4232-ad7a-78c3cb77c754
1377,27,42,68da2756-09f4-49fa-b3d9-f6b8798da0ac,a8ffbfd5-dc8b-4ec3-b2bf-c99649303da2
1378,19,49,6656251a-ca70-401b-9dc1-5b5d892ea630,d60fa858-eea6-4807-a25d-638bd793a0a1
1379,36,67,5ebd7a1c-2d62-406e-b2b4-c250625e6287,8397177a-86f1-4da9-802c-e3866867ac94
1380,37,80,8d73d024-6813-44e6-93f2-9ee8cb20718f,fbd86280-4d9c-4c94-a886-8c7046f715b7
1381,21,86,0095d8da-3246-4f33-b76d-990b5ac46dc9,c4c7595f-4d8f-4aaf-b7eb-b1437008ff31
1382,3,50,02e5081e-abf3-4e23-a9ef-47b0949f31b9,c84a77f1-94e7-45e4-b187-640aaa465ca0
1383,38,46,44080c04-3ad0-43bb-a40d-d37e35e032f2,eed45163-9a39-4b1c-8b88-45ec4eb9b6ce
1384,22,92,a6174fda-397f-4e9a-9fed-75166bca2c16,0d8f57e2-cd6a-4e9d-8f16-45723b54be73
1385,39,78,52075ab4-f664-416f-b583-a366b168bc5e,0f4d47b0-f097-4966-9f29-78415e2e9e7c
1386,40,60,43e66a58-b6ef-40da-ac74-6516dd0d6830,922e8e10-7ca8-4c94-b1e5-0249db05a8c1
1387,13,99,e2055730-995c-4180-894f-116aec59bbab,4ab87e71-14af-4e71-9929-36a226282246
1388,24,98,8826333b-cf1f-44ee-98db-cc159e5afa5f,d672e1cf-afe7-43ab-8c37-5494c5865529
1389,41,93,80c0f4e4-3001-4983-91a9-44b1742e6f6b,ceb2015f-39cc-405b-b5d5-85689389a990
1390,7,61,4684e7d3-c044-4a98-80e9-5f43e9ff23d3,9db9f884-b940-428b-b57d-f019859cfbce
1391,23,21,dc85afa8-4888-4e1f-8cdd-470879901108,1ceb1c5d-ec87-43b9-9a8c-2731f3fbd1e2
1392,11,9,d7739dfe-596f-4527-a0ae-83a5b2f32b0d,2d1ab995-977f-4f05-a5e0-80f9d2e8fff7
1393,3,99,f933a1d6-0b38-427a-9fd0-297d8eb94918,6d5ea524-75df-4404-b07b-0df1a9cd0121
1394,39,45,c2503d64-0050-4d35-822c-6a540272fe1a,0f8c5154-7f7b-46ab-ad4d-d5c993e2c84e
1395,7,21,89a6aaff-4a87-400f-915f-9e6f2d263a32,9a614d0d-12bc-4de7-84da-5def82a15c74
1396,35,41,5edca4f4-c65a-4936-8c63-0694ba8245cb,fedd55d5-e1cc-42d4-9a14-c36ba242f32d
1397,31,38,125958b0-d8fd-4dcb-826b-a5f8f39a9956,dd93f3be-7e31-4600-bfab-eab48fac2e30
1398,7,88,2581514a-9e27-4d03-9943-478f2e059151,0c64ec45-1b2c-46a6-a3b8-8b1f9987b8c1
1399,17,88,22b17302-3ea2-4bf4-b5a9-50b4efd0bbc7,990c258c-276b-4e97-8ea8-a6eeb127377b
1400,27,41,c47b1521-0d18-410e-908b-780e91a78118,cf4386a1-9272-4141-884a-089164d72923
1401,17,17,f473d983-eb17-4b62-85fd-76b31540e41d,8ee29392-1b02-4940-801e-3d27c5c0e885
1402,6,21,af1a5839-9736-4c7d-b48c-8c3c560bbf02,cdcac61f-a48e-4de5-bdd6-f6e733716395
1403,42,75,39053f90-0c8f-4e5e-b8b2-4b51c82d7014,5ee93361-df63-45cf-84ea-8102ce020bd5
1404,40,8,d45c1fc9-2b06-4a2b-9625-7a8bda5b2be7,f9bc33c3-399c-497c-9587-59194f9c2bcf
1405,37,42,b7392abc-151f-43fe-97d8-aee98f46f246,cf05fc39-3809-47b1-bf2b-3fb743493575
1406,28,90,ff60676a-e25d-4628-84e9-203c98225944,1a8d7f91-898e-4c9b-9ea3-96b57d6c1c3c
1407,42,80,bad8935d-55aa-49aa-81d9-d42c3410b108,1b9491ef-60f8-480e-b063-060029f6532c
1408,41,61,0338aff7-ed92-4128-9957-24e109b1aa5b,bc0dc730-aab8-4fb1-94ef-24350c6cd850
1409,39,87,7d12aa83-b1c4-4c6c-a3e6-b7cd6f26498c,3ebbac00-534f-4c13-bef0-4b495a264851
1410,21,87,72ea2fbd-b7e1-4c61-8292-a8924d6ee8f0,f87b387f-3709-4406-9839-5045631bd4e4
1411,9,14,a3e21e04-b65b-47da-845a-4cdaf559f5f2,4c4721d5-eabb-44c6-83a2-5b8ea7039e69
1412,17,55,e2ee7c06-c34e-42e7-8e35-055953addca3,9f129880-ede4-4c4d-adbe-c0d04e75cf1c
1413,7,41,aa0823cf-e8a7-4500-934a-b18b42036d2e,b971a15c-87ef-4e79-814d-228534ad2c1a
1414,13,44,a7523398-8ffe-49bb-bec2-ba85709bd3d9,97fab43b-c89a-459c-a700-e5bb645fb557
1415,3,70,e9bee4c1-c56a-4e8e-8e91-79d8f6a98b5b,82982f6a-bf45-443f-84f2-47f9f78fdce9
1416,17,43,d7d52dc6-d13e-4a07-aa6a-934642b20473,b4c2d12a-b9fa-4143-b411-69032cdd5927
1417,9,16,d247fff7-d785-4593-aad9-ddb3f6d0a809,640beb45-2e69-4ff4-b01c-37cd9c0c2427
1418,43,25,e92bc306-314e-4853-8728-0107aa27b936,f94fbe6a-3f7a-4141-8405-9748f55ac880
1419,14,26,333bc679-0295-49cd-ad2e-cbb89a65bd99,b6acb8d3-1efd-4496-b0e7-5f2d4be9ff45
1420,25,40,b7f83fe7-6ae2-4e75-81e1-8440d26778c2,d72c004c-6999-4ffb-b291-1bd581c65d95
1421,9,42,d26316d2-19e2-45c0-9ada-b92ba56a4da2,3343a3b9-be11-4276-bca9-d7f4dd0b40aa
1422,6,84,b65da068-cfdf-4247-84db-91232e610217,d74dc441-1948-4ba8-aeef-843bd074e246
1423,35,14,fc629195-daf2-465a-91bd-330719735bb1,60df7002-bc50-4357-8014-02e42f5a5ab6
1424,36,25,ee0f4141-13ad-4289-a414-f1756a5748ef,3264f6eb-ce55-44da-845b-32cbf99da950
1425,44,39,c6d4e9d1-45a7-4948-9ec6-be687c4b8bba,fdc68f90-b2e4-483b-985d-b237467e8d9a
1426,7,16,bad3d1a2-b14d-4efa-8f81-5270ee921ae6,d7a8eb36-e00d-484f-b21e-a2ab742f8a2a
1427,14,95,d2ee1b75-2218-4753-9487-dcca23d667c6,0a994581-341f-43bf-979d-ece1e58de7ec
1428,10,54,6a6d3fce-c5aa-4154-a6a3-b56cb41f709f,403bf915-a897-4918-933b-3996e144e960
1429,11,20,b19cec0d-357e-4c6b-9257-8be52b1c71b5,d3b17672-60fb-443f-a047-2c379132dcb1
1430,22,7,d2a2460e-00d1-41f2-84cc-eba01eb88d75,b9f78d5b-79ae-441e-9dbf-592767af34a5
1431,20,35,75891066-59b4-437b-951f-ec553fb26b94,28fff0d2-38ea-40a7-b2ef-c2a2f7e69370
1432,2,59,d5566b15-b071-4acf-8e8e-c98433083b2d,50d33715-4c77-4dd9-8b9d-ff1ca372a2a2
1433,3,28,c42f0de8-b4f0-4167-abd1-ae79e5e18eea,172eb8f3-1033-4fb6-b66b-d0df09df3161
1434,4,63,b145f396-de9b-42f1-9cc9-f5b52c3a941c,65e4544d-42ae-4751-9580-bdcb90e5fcda
1435,5,47,f4372224-759f-43b3-bc83-ca6106bba1af,745bee4e-710c-4538-8df1-5c146e1092a6
1436,6,73,49d0edae-9091-41bb-a08d-ab1c66bd08d5,425b7a1a-b744-4c6b-898e-d424dd8cf18e
1437,7,35,b26d55e2-eb75-4bce-89cf-5cee095eaeea,0495233b-9470-4e1a-bb30-a1ee3150c092
1438,8,5,6ae04f04-85df-4b89-b057-5cb0459baab7,b0fcee8c-9047-405c-8316-28a38292be9d
1439,9,85,9a6ee454-f8ca-4a5a-b751-402ce8257b5b,5958bf67-e190-4171-91eb-298b69c89282
1440,10,34,84003744-296e-4294-86a3-8a96439d4ee8,d15bcc56-8948-4c3d-98ae-925d64b3f539
1441,11,88,b23deb12-0dc3-40c3-889c-8e8d3206dc4a,a22439e8-7918-4cae-806a-9f6ae0de6828
1442,12,72,7cd8ea7c-cea3-46fa-a913-724d59233a43,5f3d5c26-5d8b-4e48-88b0-b89d6aa5848d
1443,13,15,446119d3-b86d-4648-93e1-7c9104fe6462,7486257f-61aa-4829-bafa-3d46366ce403
1444,9,68,c42e63e2-e613-45df-9321-09c58bcedcf4,a3421fb8-ec22-489a-b8b2-8760a0474175
1445,14,58,742df199-0e51-44d2-93ba-a5e3885d79ed,2aba8b17-dd45-46e7-84df-701e2f319c1b
1446,15,40,c32eed70-314d-4321-b3f3-ea6c673d1cd7,7563cab2-7380-4b36-a04a-624aa1cdb54c
1447,11,71,2ba7bb1e-3a26-4638-850b-af1689dbf1f8,de08b73c-d432-4a4f-bb30-de1cecebb529
1448,16,76,70aee49a-32ac-4b29-9f05-59de1c043a48,80aae915-f2ef-486d-b074-54106ac01532
1449,17,82,fd861308-291c-435e-a11b-92cbba182fb4,c974d7dc-20af-4058-9383-01cdcd9494ad
1450,18,58,6af1f98f-7555-430a-9d7f-d0f70f1b0a54,e7cb4714-32c9-476b-8af4-e994b391badc
1451,19,83,73608d6a-cc61-4043-b95c-175ba478ba7c,0e00dc18-d5b9-4555-be83-cb7af77f2208
1452,20,11,2316da83-4a83-497c-bdf4-55ca9e8cadb9,6d7f8b2b-42ae-4ff8-8183-26a3257a91a0
1453,16,34,71a28ff5-ef5d-4279-b9b7-8afa7174f579,1e6c05e9-a48c-486c-8143-ed93c11c8b09
1454,21,14,3f9c4c5a-b644-40ed-8c3e-4776bdcac303,ea316ba1-76cb-4139-b609-9c5a6d09563d
1455,22,29,7103af48-0693-401e-a8a9-7063ff0d0722,7bd51828-f481-41de-97ac-8712792b2e57
1456,23,31,fb374a17-e2b4-4274-b777-a09cccc8dc7b,f3a36c1d-ff0a-4ee8-b55b-7d43e8e7a73d
1457,24,57,eea522eb-17c1-42e2-8e33-c33710b7d329,681aa23a-70ea-4b69-babb-3d14009779b3
1458,25,38,23924ca0-acae-4a6a-aa64-8d47b169f078,69542d28-1cc7-439e-abfd-de0ea90636fb
1459,16,48,6307c024-1705-4508-b05f-ac96dba72fca,73511170-19d5-4686-96d7-1dedcc3cb5cf
1460,26,93,9b878a0f-d9e2-47be-bfd2-2fc381dba95a,aeda3a81-6cc3-4f26-8d5d-3abc117f4866
1461,27,82,458efede-2515-46b3-87a4-9fd49e2d711b,b551ee49-8095-4c62-9876-409c029fd625
1462,2,46,a8420740-3acf-4f09-8564-b2c1182b2299,dc95916d-7a45-4bb5-859c-3f2d5ad8ab14
1463,5,8,42929165-b971-4546-b882-8f90e59c3e0f,53ff8d36-3cbd-47a4-9fd5-738e3b547fd7
1464,19,77,53cfa054-aabc-41b6-a357-af13f2dc5770,75a59dfe-7946-4f3e-baaa-bcdf8e9a3026
1465,28,70,7b346de1-fe35-4204-93d2-0cb2600b4213,0d9a9d9f-f2ea-43a0-8289-51baed42f345
1466,18,71,eb1d7193-5c90-4fcf-b41b-a6a3d5f925df,3ff2bcdb-6959-44ca-b3f5-d386e1b2144b
1467,24,52,f47e4ef6-e326-433f-884c-a3802095a502,a2079d4b-3e83-46b1-a176-ea43e2b931d7
1468,15,52,a0d5e405-23fc-4c24-8c7f-bd0b40b3b724,a23f6c7b-888e-4fac-ae5a-1cb2a2ffcbc0
1469,29,62,2ea0f049-e73e-4506-805c-4f12b4a7810b,ad4c02d5-62ae-4ddd-8df2-0a4566b4defe
1470,19,23,6820af07-1d42-417d-97a3-176e30884c33,b5863d0e-93b8-41eb-b237-b92ae20513c2
1471,3,75,48a1b6eb-bac0-4fe8-8dc0-dbf56a49a771,394d1002-25e7-48e0-9c3d-0f0b97eddbae
1472,18,17,c7f14ee0-3187-4d74-8849-714c10e168ba,b7878195-8d8a-439e-a3b7-fc766ceb62ba
1473,8,13,c3681bad-d1a9-4cc4-8d26-b00e51c0c7ee,a22b928a-a5d6-4fe8-9f7a-fab531f9543f
1474,30,13,dc883f1f-7e8f-40bf-a4b0-b41328c675b6,889f6174-2256-4747-9156-8d3a3b0f5406
1475,31,97,68dc7343-9c24-4c9b-bd29-acae05bf399c,dd83a1b4-c569-47a6-a705-8d424dc91fa2
1476,32,31,b21bcc31-0451-4f80-963f-3087de248f8a,11d27aee-b7ce-43ba-8ddb-5a10ae151f8e
1477,33,15,8dbbc936-6d70-46c8-8573-c0ca8825329f,f4cc408a-6f4f-4ebe-87f4-1f6b93ec0bee
1478,27,89,1be3c9a2-37b8-4e24-a360-c4c7cc7ff713,1aa40626-9d29-4a29-a815-7788529a3a74
1479,17,89,d808ffd0-d467-4bcc-8449-9e748b4a04ce,a1316db2-ab92-4569-9538-bf63f43e6a0b
1480,3,52,7e79d23c-8877-4200-aeee-35a5934db1df,c9943890-9047-4346-87b2-77ddbb997350
1481,15,9,4ece87fd-d687-4fa1-a217-7822923a1ade,f609d6d9-d7fa-4f5b-9dec-d4f016d1fa48
1482,7,92,98811bfd-37d0-4895-bbeb-e8235602abbd,3c0effcc-e964-4631-975a-921cc9cda9d5
1483,34,49,cebefc0d-2fb9-4e91-94fe-2fb720e8f058,25615e8c-ea06-491e-bcdf-9865bdd7e5ac
1484,27,88,ff32be02-476b-4616-9dbd-78dd6f3d928b,0d770726-de32-4072-b9d1-87da26be6d42
1485,17,71,b7ae2648-bc18-4b26-87cf-8f68b75a7888,f583d462-eb6a-416a-9c1a-98f496525d88
1486,35,95,11382b86-0769-4f6e-afea-c921397a444a,71f7be6f-ae6a-4232-ad7a-78c3cb77c754
1487,27,42,68da2756-09f4-49fa-b3d9-f6b8798da0ac,a8ffbfd5-dc8b-4ec3-b2bf-c99649303da2
1488,19,49,6656251a-ca70-401b-9dc1-5b5d892ea630,d60fa858-eea6-4807-a25d-638bd793a0a1
1489,36,67,5ebd7a1c-2d62-406e-b2b4-c250625e6287,8397177a-86f1-4da9-802c-e3866867ac94
1490,37,80,8d73d024-6813-44e6-93f2-9ee8cb20718f,fbd86280-4d9c-4c94-a886-8c7046f715b7
1491,21,86,0095d8da-3246-4f33-b76d-990b5ac46dc9,c4c7595f-4d8f-4aaf-b7eb-b1437008ff31
1492,3,50,02e5081e-abf3-4e23-a9ef-47b0949f31b9,c84a77f1-94e7-45e4-b187-640aaa465ca0
1493,38,46,44080c04-3ad0-43bb-a40d-d37e35e032f2,eed45163-9a39-4b1c-8b88-45ec4eb9b6ce
1494,22,92,a6174fda-397f-4e9a-9fed-75166bca2c16,0d8f57e2-cd6a-4e9d-8f16-45723b54be73
1495,39,78,52075ab4-f664-416f-b583-a366b168bc5e,0f4d47b0-f097-4966-9f29-78415e2e9e7c
1496,40,60,43e66a58-b6ef-40da-ac74-6516dd0d6830,922e8e10-7ca8-4c94-b1e5-0249db05a8c1
1497,13,99,e2055730-995c-4180-894f-116aec59bbab,4ab87e71-14af-4e71-9929-36a226282246
1498,24,98,8826333b-cf1f-44ee-98db-cc159e5afa5f,d672e1cf-afe7-43ab-8c37-5494c5865529
1499,41,93,80c0f4e4-3001-4983-91a9-44b1742e6f6b,ceb2015f-39cc-405b-b5d5-85689389a990
1500,7,61,4684e7d3-c044-4a98-80e9-5f43e9ff23d3,9db9f884-b940-428b-b57d-f019859cfbce
1501,23,21,dc85afa8-4888-4e1f-8cdd-470879901108,1ceb1c5d-ec87-43b9-9a8c-2731f3fbd1e2
1502,11,9,d7739dfe-596f-4527-a0ae-83a5b2f32b0d,2d1ab995-977f-4f05-a5e0-80f9d2e8fff7
1503,3,99,f933a1d6-0b38-427a-9fd0-297d8eb94918,6d5ea524-75df-4404-b07b-0df1a9cd0121
1504,39,45,c2503d64-0050-4d35-822c-6a540272fe1a,0f8c5154-7f7b-46ab-ad4d-d5c993e2c84e
1505,7,21,89a6aaff-4a87-400f-915f-9e6f2d263a32,9a614d0d-12bc-4de7-84da-5def82a15c74
1506,35,41,5edca4f4-c65a-4936-8c63-0694ba8245cb,fedd55d5-e1cc-42d4-9a14-c36ba242f32d
1507,31,38,125958b0-d8fd-4dcb-826b-a5f8f39a9956,dd93f3be-7e31-4600-bfab-eab48fac2e30
1508,7,88,2581514a-9e27-4d03-9943-478f2e059151,0c64ec45-1b2c-46a6-a3b8-8b1f9987b8c1
1509,17,88,22b17302-3ea2-4bf4-b5a9-50b4efd0bbc7,990c258c-276b-4e97-8ea8-a6eeb127377b
1510,27,41,c47b1521-0d18-410e-908b-780e91a78118,cf4386a1-9272-4141-884a-089164d72923
1511,17,17,f473d983-eb17-4b62-85fd-76b31540e41d,8ee29392-1b02-4940-801e-3d27c5c0e885
1512,6,21,af1a5839-9736-4c7d-b48c-8c3c560bbf02,cdcac61f-a48e-4de5-bdd6-f6e733716395
1513,42,75,39053f90-0c8f-4e5e-b8b2-4b51c82d7014,5ee93361-df63-45cf-84ea-8102ce020bd5
1514,40,8,d45c1fc9-2b06-4a2b-9625-7a8bda5b2be7,f9bc33c3-399c-497c-9587-59194f9c2bcf
1515,37,42,b7392abc-151f-43fe-97d8-aee98f46f246,cf05fc39-3809-47b1-bf2b-3fb743493575
1516,28,90,ff60676a-e25d-4628-84e9-203c98225944,1a8d7f91-898e-4c9b-9ea3-96b57d6c1c3c
1517,42,80,bad8935d-55aa-49aa-81d9-d42c3410b108,1b9491ef-60f8-480e-b063-060029f6532c
1518,41,61,0338aff7-ed92-4128-9957-24e109b1aa5b,bc0dc730-aab8-4fb1-94ef-24350c6cd850
1519,39,87,7d12aa83-b1c4-4c6c-a3e6-b7cd6f26498c,3ebbac00-534f-4c13-bef0-4b495a264851
1520,21,87,72ea2fbd-b7e1-4c61-8292-a8924d6ee8f0,f87b387f-3709-4406-9839-5045631bd4e4
1521,9,14,a3e21e04-b65b-47da-845a-4cdaf559f5f2,4c4721d5-eabb-44c6-83a2-5b8ea7039e69
1522,17,55,e2ee7c06-c34e-42e7-8e35-055953addca3,9f129880-ede4-4c4d-adbe-c0d04e75cf1c
1523,7,41,aa0823cf-e8a7-4500-934a-b18b42036d2e,b971a15c-87ef-4e79-814d-228534ad2c1a
1524,13,44,a7523398-8ffe-49bb-bec2-ba85709bd3d9,97fab43b-c89a-459c-a700-e5bb645fb557
1525,3,70,e9bee4c1-c56a-4e8e-8e91-79d8f6a98b5b,82982f6a-bf45-443f-84f2-47f9f78fdce9
1526,17,43,d7d52dc6-d13e-4a07-aa6a-934642b20473,b4c2d12a-b9fa-4143-b411-69032cdd5927
1527,9,16,d247fff7-d785-4593-aad9-ddb3f6d0a809,640beb45-2e69-4ff4-b01c-37cd9c0c2427
1528,43,25,e92bc306-314e-4853-8728-0107aa27b936,f94fbe6a-3f7a-4141-8405-9748f55ac880
1529,14,26,333bc679-0295-49cd-ad2e-cbb89a65bd99,b6acb8d3-1efd-4496-b0e7-5f2d4be9ff45
1530,25,40,b7f83fe7-6ae2-4e75-81e1-8440d26778c2,d72c004c-6999-4ffb-b291-1bd581c65d95
1531,9,42,d26316d2-19e2-45c0-9ada-b92ba56a4da2,3343a3b9-be11-4276-bca9-d7f4dd0b40aa
1532,6,84,b65da068-cfdf-4247-84db-91232e610217,d74dc441-1948-4ba8-aeef-843bd074e246
1533,35,14,fc629195-daf2-465a-91bd-330719735bb1,60df7002-bc50-4357-8014-02e42f5a5ab6
1534,36,25,ee0f4141-13ad-4289-a414-f1756a5748ef,3264f6eb-ce55-44da-845b-32cbf99da950
1535,44,39,c6d4e9d1-45a7-4948-9ec6-be687c4b8bba,fdc68f90-b2e4-483b-985d-b237467e8d9a
1536,7,16,bad3d1a2-b14d-4efa-8f81-5270ee921ae6,d7a8eb36-e00d-484f-b21e-a2ab742f8a2a
1537,14,95,d2ee1b75-2218-4753-9487-dcca23d667c6,0a994581-341f-43bf-979d-ece1e58de7ec
1538,10,54,6a6d3fce-c5aa-4154-a6a3-b56cb41f709f,403bf915-a897-4918-933b-3996e144e960
1539,11,20,b19cec0d-357e-4c6b-9257-8be52b1c71b5,d3b17672-60fb-443f-a047-2c379132dcb1
1540,22,7,d2a2460e-00d1-41f2-84cc-eba01eb88d75,b9f78d5b-79ae-441e-9dbf-592767af34a5
1541,20,35,75891066-59b4-437b-951f-ec553fb26b94,28fff0d2-38ea-40a7-b2ef-c2a2f7e69370
1542,29,2,bb53f18b-e3c5-48c1-900e-e8ed623ca467,1add84b7-14f5-4857-903b-578408246946
1543,44,4,bb53f18b-e3c5-48c1-900e-e8ed623ca467,1add84b7-14f5-4857-903b-578408246946
1544,13,2,bb53f18b-e3c5-48c1-900e-e8ed623ca467,1add84b7-14f5-4857-903b-578408246946
1545,18,2,5d64f731-cb01-4992-a27c-a6e1342f4913,d57d76d8-7dca-4ee4-84c0-1745fb4c8779
1546,15,1,5d64f731-cb01-4992-a27c-a6e1342f4913,d57d76d8-7dca-4ee4-84c0-1745fb4c8779
1547,16,3,5d64f731-cb01-4992-a27c-a6e1342f4913,d57d76d8-7dca-4ee4-84c0-1745fb4c8779
1548,19,1,026ffd7c-cff2-4daa-ae76-6768d3283861,d33a7b5d-15e5-4ba6-93ef-136bbcbf4946
1549,34,4,026ffd7c-cff2-4daa-ae76-6768d3283861,d33a7b5d-15e5-4ba6-93ef-136bbcbf4946
1550,8,1,c42221be-4851-42df-9184-1b4f96962bb7,134fb73e-fc99-41e4-92c4-6ecbada5574f
1551,44,4,c42221be-4851-42df-9184-1b4f96962bb7,134fb73e-fc99-41e4-92c4-6ecbada5574f
1552,23,3,c42221be-4851-42df-9184-1b4f96962bb7,134fb73e-fc99-41e4-92c4-6ecbada5574f
1553,8,1,57001f3e-d6be-4031-9295-a6b208c0ad46,49714439-c858-4e61-b7c6-f4d4c848c46b
1554,42,3,950db98c-fb0f-4b78-bbee-bf9ae97faeca,5b9e2a68-7967-46e0-8e35-bc993a1f07e6
1555,19,5,950db98c-fb0f-4b78-bbee-bf9ae97faeca,5b9e2a68-7967-46e0-8e35-bc993a1f07e6
1556,24,1,cd140190-a53b-4660-a5b4-cc844a6506f0,89ba200c-ca90-443a-b64f-397bce091eae
1557,35,4,cd140190-a53b-4660-a5b4-cc844a6506f0,89ba200c-ca90-443a-b64f-397bce091eae
1558,2,4,cd140190-a53b-4660-a5b4-cc844a6506f0,89ba200c-ca90-443a-b64f-397bce091eae
1559,35,2,bb75bf7d-c008-4267-bf92-6089cff5fe56,5e9405de-a078-4b00-99c6-96564568b63c
1560,19,3,bb75bf7d-c008-4267-bf92-6089cff5fe56,5e9405de-a078-4b00-99c6-96564568b63c
1561,45,3,c6addf8b-eea6-43b8-9040-b5620b1a0d99,7aebe820-8478-4a29-a606-7c59af677e24
1562,2,3,c6addf8b-eea6-43b8-9040-b5620b1a0d99,7aebe820-8478-4a29-a606-7c59af677e24
1563,20,3,f156fb67-e7e7-448c-b9c3-0b5f0425d134,2ba952cd-d5bf-4bb4-96fe-02fd4e166d12
1564,10,2,f156fb67-e7e7-448c-b9c3-0b5f0425d134,2ba952cd-d5bf-4bb4-96fe-02fd4e166d12
1565,36,2,f04f3daf-8ede-4787-a3ad-6ff06274229d,130208de-fef4-46cd-8b9b-1ea5b939895b
1566,42,1,372fd2b1-b2a7-4553-b6d7-426a1bc88e56,e34973c8-9ca9-4a06-b497-7a8b49625fc2
1567,29,3,20efa3c2-c498-4908-8af4-f81c76781912,0167b0c3-60fd-4fbd-b378-fba0ceac39ff
1568,26,3,20efa3c2-c498-4908-8af4-f81c76781912,0167b0c3-60fd-4fbd-b378-fba0ceac39ff
1569,14,3,469d957f-28ef-4eac-956a-d2a42b06d3ab,fcadc756-61e9-41bb-871b-d3546c5aa981
1570,21,2,469d957f-28ef-4eac-956a-d2a42b06d3ab,fcadc756-61e9-41bb-871b-d3546c5aa981
1571,11,1,b377e5d5-563f-475d-8c6d-b9f85ad861fd,fa60bc82-665e-4fe0-8f1f-b8a7675c2e2a
1572,35,4,b377e5d5-563f-475d-8c6d-b9f85ad861fd,fa60bc82-665e-4fe0-8f1f-b8a7675c2e2a
1573,25,4,b377e5d5-563f-475d-8c6d-b9f85ad861fd,fa60bc82-665e-4fe0-8f1f-b8a7675c2e2a
1574,23,2,c44107fb-70a4-4ff2-bedb-48b9ecfd3d6d,479bfe4c-7137-44dd-bb42-a4ab7900aa24
1575,40,1,5158fc84-71e0-47a1-84e9-b3e446a391ae,76f02f30-28cd-4f15-88be-9c64860d1fce
1576,41,3,5158fc84-71e0-47a1-84e9-b3e446a391ae,76f02f30-28cd-4f15-88be-9c64860d1fce
1577,42,2,48c4ca28-4db8-420e-af57-241818a81194,dc042557-cbee-4743-9b72-2c0a34a99cc2
1578,16,2,48c4ca28-4db8-420e-af57-241818a81194,dc042557-cbee-4743-9b72-2c0a34a99cc2
1579,25,1,48c4ca28-4db8-420e-af57-241818a81194,dc042557-cbee-4743-9b72-2c0a34a99cc2
1580,7,1,ee67c3b0-aa89-4b3b-8bbc-9d70695c132b,fa0ce0bb-b0d8-469d-8d42-e1153fc48272
1581,19,2,ee67c3b0-aa89-4b3b-8bbc-9d70695c132b,fa0ce0bb-b0d8-469d-8d42-e1153fc48272
1582,21,4,ee67c3b0-aa89-4b3b-8bbc-9d70695c132b,fa0ce0bb-b0d8-469d-8d42-e1153fc48272
1583,20,1,abc09fec-2fa0-48f6-b7c4-913620785520,52479603-9957-4e4b-91eb-337c358d1755
1584,6,4,abc09fec-2fa0-48f6-b7c4-913620785520,52479603-9957-4e4b-91eb-337c358d1755
1585,46,3,abc09fec-2fa0-48f6-b7c4-913620785520,52479603-9957-4e4b-91eb-337c358d1755
